==========================================
  DGA 检测实验 — 全自动运行
  开始时间: Thu May 21 18:11:08 CST 2026
==========================================


══════════════════════════════════════════════
  第一阶段：二分类 (Binary Classification)
══════════════════════════════════════════════

──────────────────────────────────────────
  [1] 二分类 | 统计特征 | 默认参数
  脚本: erfen/feature_comp.py
──────────────────────────────────────────
正在读取纯域名数据集 (各取前 200000 条)...
执行 8:1:1 严谨划分 (Train:Val:Test)...
数据就绪: 训练集(319999), 验证集(40000), 测试集(40000)
提取统计特征中...
开始 XGBoost 默认参数训练...
执行性能评估...

=============================================
            实验结果: 二分类统计特征组 (默认参数)            
=============================================
准确率 (Accuracy):   0.9469
精确率 (Precision):  0.9611
召回率 (Recall):     0.9315
F1 值 (F1-Score):    0.9461
AUC 曲线下面积:      0.9870
---------------------------------------------
训练总耗时:          1.33 秒
单条推理平均延时:     0.000280 毫秒
=============================================

  ✅ 完成 (6 秒)

──────────────────────────────────────────
  [2] 二分类 | 2-gram   | 默认参数
  脚本: erfen/2-gram_comp.py
──────────────────────────────────────────
正在读取纯域名数据集 (目标各取: 200000 条)...
执行 8:1:1 严谨划分 (Train:Val:Test)...
数据就绪: 训练集(319999), 验证集(40000), 测试集(40000)

开始执行 2-gram 特征向量化...
特征提取完成！特征维度: 1369
模型训练中 (XGBoost 2-gram 默认参数)...
执行测试集预测与性能分析...

=============================================
         实验结果: 二分类 2-gram 特征组 (默认参数)         
=============================================
最终特征维度:        1369
准确率 (Accuracy):   0.9577
精确率 (Precision):  0.9901
召回率 (Recall):     0.9245
F1 值 (F1-Score):    0.9562
AUC 曲线下面积:      0.9885
---------------------------------------------
训练总耗时:          5.92 秒
单条推理平均延时:     0.000362 毫秒
=============================================

  ✅ 完成 (8 秒)

──────────────────────────────────────────
  [3] 二分类 | 2-4gram  | 默认参数
  脚本: erfen/2-4gram_comp.py
──────────────────────────────────────────
==========================================
  DGA 检测实验 — 全自动运行
  开始时间: Thu May 21 18:13:31 CST 2026
==========================================


══════════════════════════════════════════════
  第一阶段：二分类 (Binary Classification)
══════════════════════════════════════════════

──────────────────────────────────────────
  [1] 二分类 | 统计特征 | 默认参数
  脚本: erfen/feature_comp.py
──────────────────────────────────────────
正在读取纯域名数据集 (各取前 200000 条)...
执行 8:1:1 严谨划分 (Train:Val:Test)...
数据就绪: 训练集(319999), 验证集(40000), 测试集(40000)
提取统计特征中...
开始 XGBoost 默认参数训练...
执行性能评估...

=============================================
            实验结果: 二分类统计特征组 (默认参数)            
=============================================
准确率 (Accuracy):   0.9469
精确率 (Precision):  0.9611
召回率 (Recall):     0.9315
F1 值 (F1-Score):    0.9461
AUC 曲线下面积:      0.9870
---------------------------------------------
训练总耗时:          0.89 秒
单条推理平均延时:     0.000277 毫秒
=============================================

  ✅ 完成 (4 秒)

──────────────────────────────────────────
  [2] 二分类 | 2-gram   | 默认参数
  脚本: erfen/2-gram_comp.py
──────────────────────────────────────────
正在读取纯域名数据集 (目标各取: 200000 条)...
执行 8:1:1 严谨划分 (Train:Val:Test)...
数据就绪: 训练集(319999), 验证集(40000), 测试集(40000)

开始执行 2-gram 特征向量化...
特征提取完成！特征维度: 1369
模型训练中 (XGBoost 2-gram 默认参数)...
执行测试集预测与性能分析...

=============================================
         实验结果: 二分类 2-gram 特征组 (默认参数)         
=============================================
最终特征维度:        1369
准确率 (Accuracy):   0.9577
精确率 (Precision):  0.9901
召回率 (Recall):     0.9245
F1 值 (F1-Score):    0.9562
AUC 曲线下面积:      0.9885
---------------------------------------------
训练总耗时:          4.09 秒
单条推理平均延时:     0.000214 毫秒
=============================================

  ✅ 完成 (7 秒)

──────────────────────────────────────────
  [3] 二分类 | 2-4gram  | 默认参数
  脚本: erfen/2-4gram_comp.py
──────────────────────────────────────────
正在读取纯域名数据集 (目标各取: 200000 条)...
执行 8:1:1 严谨划分 (Train:Val:Test)...
数据就绪: 训练集(319999), 验证集(40000), 测试集(40000)

开始执行 2-4 gram 特征向量化 (混合 2/3/4 位特征)...
特征提取完成！复合维度: 213091
模型训练中 (XGBoost 2-4 gram 混合组)...
执行测试集预测与性能分析...

=============================================
        实验结果: 二分类 2-4 gram 特征组 (默认参数)        
=============================================
混合特征总维度:      213091
准确率 (Accuracy):   0.9584
精确率 (Precision):  0.9912
召回率 (Recall):     0.9250
F1 值 (F1-Score):    0.9570
AUC 曲线下面积:      0.9896
---------------------------------------------
训练总耗时:          600.78 秒
单条推理平均延时:     0.195481 毫秒
=============================================

  ✅ 完成 (616 秒)

──────────────────────────────────────────
  [4] 二分类 | 统计特征 | Optuna 调参 (50次)
  脚本: erfen/optuna_feature_comp.py
──────────────────────────────────────────
[I 2026-05-21 18:24:00,985] A new study created in memory with name: no-name-dca3ebba-67be-4ce9-9524-cf072b502b83
[I 2026-05-21 18:24:03,028] Trial 0 finished with value: 0.9450242502729743 and parameters: {'n_estimators': 252, 'max_depth': 10, 'learning_rate': 0.01276025756769648, 'subsample': 0.6844279371266492, 'colsample_bytree': 0.9328479027098204, 'min_child_weight': 1}. Best is trial 0 with value: 0.9450242502729743.
[I 2026-05-21 18:24:06,778] Trial 1 finished with value: 0.9451442503047541 and parameters: {'n_estimators': 963, 'max_depth': 5, 'learning_rate': 0.06066885210747759, 'subsample': 0.783237126331001, 'colsample_bytree': 0.9022236545851982, 'min_child_weight': 6}. Best is trial 1 with value: 0.9451442503047541.
[I 2026-05-21 18:24:07,777] Trial 2 finished with value: 0.9447307623955927 and parameters: {'n_estimators': 259, 'max_depth': 10, 'learning_rate': 0.21783813775632194, 'subsample': 0.9939702875752394, 'colsample_bytree': 0.684878861602199, 'min_child_weight': 5}. Best is trial 1 with value: 0.9451442503047541.
[I 2026-05-21 18:24:10,216] Trial 3 finished with value: 0.9450197989643618 and parameters: {'n_estimators': 528, 'max_depth': 9, 'learning_rate': 0.016330262633198908, 'subsample': 0.6318301555888294, 'colsample_bytree': 0.6948224908720246, 'min_child_weight': 3}. Best is trial 1 with value: 0.9451442503047541.
[I 2026-05-21 18:24:12,530] Trial 4 finished with value: 0.9452033924127774 and parameters: {'n_estimators': 708, 'max_depth': 4, 'learning_rate': 0.09285987289279624, 'subsample': 0.7176660332603896, 'colsample_bytree': 0.633575020481838, 'min_child_weight': 7}. Best is trial 4 with value: 0.9452033924127774.
[I 2026-05-21 18:24:15,072] Trial 5 finished with value: 0.9449974606399187 and parameters: {'n_estimators': 902, 'max_depth': 4, 'learning_rate': 0.12800189123181527, 'subsample': 0.7899882716000912, 'colsample_bytree': 0.838288709160255, 'min_child_weight': 3}. Best is trial 4 with value: 0.9452033924127774.
[I 2026-05-21 18:24:18,192] Trial 6 finished with value: 0.9450806144471245 and parameters: {'n_estimators': 838, 'max_depth': 7, 'learning_rate': 0.017663312676059546, 'subsample': 0.682751270010419, 'colsample_bytree': 0.996449484535872, 'min_child_weight': 2}. Best is trial 4 with value: 0.9452033924127774.
[I 2026-05-21 18:24:20,646] Trial 7 finished with value: 0.9447790399227466 and parameters: {'n_estimators': 819, 'max_depth': 4, 'learning_rate': 0.21236517570166025, 'subsample': 0.7010460678392839, 'colsample_bytree': 0.9939610150261526, 'min_child_weight': 1}. Best is trial 4 with value: 0.9452033924127774.
[I 2026-05-21 18:24:22,196] Trial 8 finished with value: 0.9450889797161788 and parameters: {'n_estimators': 493, 'max_depth': 6, 'learning_rate': 0.11453115991496947, 'subsample': 0.8306315684504901, 'colsample_bytree': 0.9199591949278281, 'min_child_weight': 10}. Best is trial 4 with value: 0.9452033924127774.
[I 2026-05-21 18:24:22,710] Trial 9 finished with value: 0.9447967933431427 and parameters: {'n_estimators': 221, 'max_depth': 3, 'learning_rate': 0.17239530942817508, 'subsample': 0.9018391207168568, 'colsample_bytree': 0.9546403921267244, 'min_child_weight': 9}. Best is trial 4 with value: 0.9452033924127774.
[I 2026-05-21 18:24:25,345] Trial 10 finished with value: 0.945245835026412 and parameters: {'n_estimators': 677, 'max_depth': 7, 'learning_rate': 0.03657582724954242, 'subsample': 0.867408549260621, 'colsample_bytree': 0.6070860941136164, 'min_child_weight': 7}. Best is trial 10 with value: 0.945245835026412.
[I 2026-05-21 18:24:27,601] Trial 11 finished with value: 0.9451654687222208 and parameters: {'n_estimators': 671, 'max_depth': 7, 'learning_rate': 0.042391696373063496, 'subsample': 0.8856514227221688, 'colsample_bytree': 0.6008053656753772, 'min_child_weight': 7}. Best is trial 10 with value: 0.945245835026412.
[I 2026-05-21 18:24:30,287] Trial 12 finished with value: 0.945189474753632 and parameters: {'n_estimators': 678, 'max_depth': 8, 'learning_rate': 0.04119270133445175, 'subsample': 0.7663973402285493, 'colsample_bytree': 0.6150003034173799, 'min_child_weight': 8}. Best is trial 10 with value: 0.945245835026412.
[I 2026-05-21 18:24:32,282] Trial 13 finished with value: 0.9448930875107928 and parameters: {'n_estimators': 661, 'max_depth': 6, 'learning_rate': 0.07748878942690732, 'subsample': 0.884100258011431, 'colsample_bytree': 0.713232475158423, 'min_child_weight': 5}. Best is trial 10 with value: 0.945245835026412.
[I 2026-05-21 18:24:33,440] Trial 14 finished with value: 0.944049191991056 and parameters: {'n_estimators': 405, 'max_depth': 5, 'learning_rate': 0.032204283722596726, 'subsample': 0.9821935878913863, 'colsample_bytree': 0.7864251549357475, 'min_child_weight': 7}. Best is trial 10 with value: 0.945245835026412.
[I 2026-05-21 18:24:36,520] Trial 15 finished with value: 0.945345619780164 and parameters: {'n_estimators': 748, 'max_depth': 8, 'learning_rate': 0.025780468209484174, 'subsample': 0.6077854925144315, 'colsample_bytree': 0.6549431957769121, 'min_child_weight': 8}. Best is trial 15 with value: 0.945345619780164.
[I 2026-05-21 18:24:40,378] Trial 16 finished with value: 0.9451560435091999 and parameters: {'n_estimators': 787, 'max_depth': 8, 'learning_rate': 0.026306443094915005, 'subsample': 0.6003156565121366, 'colsample_bytree': 0.7738388463133743, 'min_child_weight': 10}. Best is trial 15 with value: 0.945345619780164.
[I 2026-05-21 18:24:42,785] Trial 17 finished with value: 0.9451487513020502 and parameters: {'n_estimators': 590, 'max_depth': 8, 'learning_rate': 0.02374744852375404, 'subsample': 0.8385057868051775, 'colsample_bytree': 0.6577036395261265, 'min_child_weight': 8}. Best is trial 15 with value: 0.945345619780164.
[I 2026-05-21 18:24:44,619] Trial 18 finished with value: 0.9451358902717806 and parameters: {'n_estimators': 404, 'max_depth': 9, 'learning_rate': 0.011174632147113176, 'subsample': 0.9495186633063366, 'colsample_bytree': 0.7353294546599789, 'min_child_weight': 6}. Best is trial 15 with value: 0.945345619780164.
[I 2026-05-21 18:24:47,600] Trial 19 finished with value: 0.9451922588510184 and parameters: {'n_estimators': 768, 'max_depth': 7, 'learning_rate': 0.05591939794719779, 'subsample': 0.7381658422209152, 'colsample_bytree': 0.6527224689931469, 'min_child_weight': 9}. Best is trial 15 with value: 0.945345619780164.
[I 2026-05-21 18:24:51,602] Trial 20 finished with value: 0.9447858993244272 and parameters: {'n_estimators': 934, 'max_depth': 9, 'learning_rate': 0.021327020392526236, 'subsample': 0.8356305553333101, 'colsample_bytree': 0.8249363535702043, 'min_child_weight': 4}. Best is trial 15 with value: 0.945345619780164.
[I 2026-05-21 18:24:53,551] Trial 21 finished with value: 0.9448950623542532 and parameters: {'n_estimators': 720, 'max_depth': 3, 'learning_rate': 0.08321066296829123, 'subsample': 0.6274614590268184, 'colsample_bytree': 0.6460153554344072, 'min_child_weight': 7}. Best is trial 15 with value: 0.945345619780164.
[I 2026-05-21 18:24:55,565] Trial 22 finished with value: 0.945021458137586 and parameters: {'n_estimators': 595, 'max_depth': 6, 'learning_rate': 0.03650709973785206, 'subsample': 0.7327840109156258, 'colsample_bytree': 0.6153392462405627, 'min_child_weight': 8}. Best is trial 15 with value: 0.945345619780164.
[I 2026-05-21 18:24:58,271] Trial 23 finished with value: 0.9450454568540809 and parameters: {'n_estimators': 859, 'max_depth': 5, 'learning_rate': 0.08234714119525495, 'subsample': 0.6567733384970849, 'colsample_bytree': 0.735410504346832, 'min_child_weight': 6}. Best is trial 15 with value: 0.945345619780164.
[I 2026-05-21 18:25:01,425] Trial 24 finished with value: 0.9451598973811882 and parameters: {'n_estimators': 746, 'max_depth': 8, 'learning_rate': 0.05092788359202173, 'subsample': 0.7455266059660892, 'colsample_bytree': 0.6390771497660332, 'min_child_weight': 9}. Best is trial 15 with value: 0.945345619780164.
[I 2026-05-21 18:25:02,922] Trial 25 finished with value: 0.9451018231679448 and parameters: {'n_estimators': 456, 'max_depth': 7, 'learning_rate': 0.030349793644037257, 'subsample': 0.9329690650589121, 'colsample_bytree': 0.69302901353139, 'min_child_weight': 7}. Best is trial 15 with value: 0.945345619780164.
[I 2026-05-21 18:25:04,674] Trial 26 finished with value: 0.9453188464662876 and parameters: {'n_estimators': 604, 'max_depth': 4, 'learning_rate': 0.2830474952327553, 'subsample': 0.7184507436864251, 'colsample_bytree': 0.6692939628392004, 'min_child_weight': 8}. Best is trial 15 with value: 0.945345619780164.
[I 2026-05-21 18:25:07,314] Trial 27 finished with value: 0.9451363348129359 and parameters: {'n_estimators': 615, 'max_depth': 6, 'learning_rate': 0.017305418710436112, 'subsample': 0.600753587597221, 'colsample_bytree': 0.7511905036133213, 'min_child_weight': 8}. Best is trial 15 with value: 0.945345619780164.
[I 2026-05-21 18:25:10,022] Trial 28 finished with value: 0.9445586257643805 and parameters: {'n_estimators': 577, 'max_depth': 9, 'learning_rate': 0.25642272011444045, 'subsample': 0.811146952437273, 'colsample_bytree': 0.6706050238384481, 'min_child_weight': 9}. Best is trial 15 with value: 0.945345619780164.
[I 2026-05-21 18:25:11,431] Trial 29 finished with value: 0.9447619047619048 and parameters: {'n_estimators': 334, 'max_depth': 8, 'learning_rate': 0.29518534457885437, 'subsample': 0.6565651733428838, 'colsample_bytree': 0.8646091120775412, 'min_child_weight': 10}. Best is trial 15 with value: 0.945345619780164.
[I 2026-05-21 18:25:14,843] Trial 30 finished with value: 0.9449718259810143 and parameters: {'n_estimators': 520, 'max_depth': 10, 'learning_rate': 0.015052090700431193, 'subsample': 0.8606293171964097, 'colsample_bytree': 0.7182577860933388, 'min_child_weight': 8}. Best is trial 15 with value: 0.945345619780164.
[I 2026-05-21 18:25:16,767] Trial 31 finished with value: 0.9450197989643618 and parameters: {'n_estimators': 697, 'max_depth': 4, 'learning_rate': 0.10855845142029517, 'subsample': 0.703839008007892, 'colsample_bytree': 0.6270774595573034, 'min_child_weight': 7}. Best is trial 15 with value: 0.945345619780164.
[I 2026-05-21 18:25:18,626] Trial 32 finished with value: 0.9451748819737043 and parameters: {'n_estimators': 643, 'max_depth': 4, 'learning_rate': 0.14571636893703077, 'subsample': 0.7120528020494329, 'colsample_bytree': 0.6013873928622326, 'min_child_weight': 6}. Best is trial 15 with value: 0.945345619780164.
[I 2026-05-21 18:25:21,316] Trial 33 finished with value: 0.9450772470128618 and parameters: {'n_estimators': 977, 'max_depth': 3, 'learning_rate': 0.06562456343664627, 'subsample': 0.6529611016479524, 'colsample_bytree': 0.6718286386499523, 'min_child_weight': 5}. Best is trial 15 with value: 0.945345619780164.
[I 2026-05-21 18:25:23,591] Trial 34 finished with value: 0.9450889797161788 and parameters: {'n_estimators': 739, 'max_depth': 5, 'learning_rate': 0.04545926666401233, 'subsample': 0.7722114358625816, 'colsample_bytree': 0.6335040828891907, 'min_child_weight': 7}. Best is trial 15 with value: 0.945345619780164.
[I 2026-05-21 18:25:25,657] Trial 35 finished with value: 0.9450197989643618 and parameters: {'n_estimators': 802, 'max_depth': 4, 'learning_rate': 0.16312616182020956, 'subsample': 0.7931740438517807, 'colsample_bytree': 0.6946953660752273, 'min_child_weight': 8}. Best is trial 15 with value: 0.945345619780164.
[I 2026-05-21 18:25:26,233] Trial 36 finished with value: 0.9431175841523655 and parameters: {'n_estimators': 146, 'max_depth': 5, 'learning_rate': 0.02895626222383644, 'subsample': 0.6855103193038985, 'colsample_bytree': 0.6809671763174798, 'min_child_weight': 9}. Best is trial 15 with value: 0.945345619780164.
[I 2026-05-21 18:25:29,503] Trial 37 finished with value: 0.9448902885006095 and parameters: {'n_estimators': 869, 'max_depth': 7, 'learning_rate': 0.0660264086650991, 'subsample': 0.7571910868862639, 'colsample_bytree': 0.6562156854602044, 'min_child_weight': 5}. Best is trial 15 with value: 0.945345619780164.
[I 2026-05-21 18:25:30,861] Trial 38 finished with value: 0.9424966361166823 and parameters: {'n_estimators': 570, 'max_depth': 3, 'learning_rate': 0.02100432888874586, 'subsample': 0.8089129348585729, 'colsample_bytree': 0.6248488081428981, 'min_child_weight': 6}. Best is trial 15 with value: 0.945345619780164.
[I 2026-05-21 18:25:33,124] Trial 39 finished with value: 0.9444134220011168 and parameters: {'n_estimators': 624, 'max_depth': 6, 'learning_rate': 0.20509507623644221, 'subsample': 0.6384410096674159, 'colsample_bytree': 0.7185509329706554, 'min_child_weight': 4}. Best is trial 15 with value: 0.945345619780164.
[I 2026-05-21 18:25:34,620] Trial 40 finished with value: 0.9451463946820926 and parameters: {'n_estimators': 517, 'max_depth': 4, 'learning_rate': 0.09513332273177875, 'subsample': 0.7196230184657532, 'colsample_bytree': 0.6726695964818067, 'min_child_weight': 7}. Best is trial 15 with value: 0.945345619780164.
[I 2026-05-21 18:25:37,494] Trial 41 finished with value: 0.9452319260275365 and parameters: {'n_estimators': 761, 'max_depth': 7, 'learning_rate': 0.05378512108023504, 'subsample': 0.6764519169761655, 'colsample_bytree': 0.6472963117987803, 'min_child_weight': 9}. Best is trial 15 with value: 0.945345619780164.
[I 2026-05-21 18:25:40,119] Trial 42 finished with value: 0.9452319260275365 and parameters: {'n_estimators': 708, 'max_depth': 7, 'learning_rate': 0.03682847379732262, 'subsample': 0.6838037128010546, 'colsample_bytree': 0.6399342713792139, 'min_child_weight': 9}. Best is trial 15 with value: 0.945345619780164.
[I 2026-05-21 18:25:42,796] Trial 43 finished with value: 0.9452569571399553 and parameters: {'n_estimators': 715, 'max_depth': 7, 'learning_rate': 0.038137148413457715, 'subsample': 0.6813025996885357, 'colsample_bytree': 0.6021413170133316, 'min_child_weight': 10}. Best is trial 15 with value: 0.945345619780164.
[I 2026-05-21 18:25:46,826] Trial 44 finished with value: 0.9451654687222208 and parameters: {'n_estimators': 906, 'max_depth': 7, 'learning_rate': 0.04982107692248151, 'subsample': 0.6728129867875872, 'colsample_bytree': 0.6157063240530326, 'min_child_weight': 10}. Best is trial 15 with value: 0.945345619780164.
[I 2026-05-21 18:25:50,365] Trial 45 finished with value: 0.9452430537918424 and parameters: {'n_estimators': 813, 'max_depth': 8, 'learning_rate': 0.038465365029905024, 'subsample': 0.6280408559066548, 'colsample_bytree': 0.6087650045162218, 'min_child_weight': 10}. Best is trial 15 with value: 0.945345619780164.
[I 2026-05-21 18:25:53,993] Trial 46 finished with value: 0.9451358902717806 and parameters: {'n_estimators': 835, 'max_depth': 9, 'learning_rate': 0.040155689386001316, 'subsample': 0.6232642114432274, 'colsample_bytree': 0.6028358583553337, 'min_child_weight': 10}. Best is trial 15 with value: 0.945345619780164.
[I 2026-05-21 18:25:56,845] Trial 47 finished with value: 0.9453004035840292 and parameters: {'n_estimators': 656, 'max_depth': 8, 'learning_rate': 0.034962484150973965, 'subsample': 0.6182224343616978, 'colsample_bytree': 0.6187699028592082, 'min_child_weight': 10}. Best is trial 15 with value: 0.945345619780164.
[I 2026-05-21 18:25:59,773] Trial 48 finished with value: 0.9451303155006858 and parameters: {'n_estimators': 665, 'max_depth': 8, 'learning_rate': 0.02667291802528887, 'subsample': 0.6118176650602534, 'colsample_bytree': 0.6622009924592064, 'min_child_weight': 8}. Best is trial 15 with value: 0.945345619780164.
[I 2026-05-21 18:26:01,934] Trial 49 finished with value: 0.9452541770351938 and parameters: {'n_estimators': 469, 'max_depth': 9, 'learning_rate': 0.032892083772045645, 'subsample': 0.6387651570963886, 'colsample_bytree': 0.7100324362064117, 'min_child_weight': 9}. Best is trial 15 with value: 0.945345619780164.
预提取特征中以加速寻优过程...
正在读取纯域名数据集 (目标各取: 200000 条)...
执行 8:1:1 严谨划分...
数据就绪: 训练集(319999), 验证集(40000), 测试集(40000)

--- 开始统计特征组二分类贝叶斯调参 ---

最优参数组合: {'n_estimators': 748, 'max_depth': 8, 'learning_rate': 0.025780468209484174, 'subsample': 0.6077854925144315, 'colsample_bytree': 0.6549431957769121, 'min_child_weight': 8}

=============================================
           实验结果: 二分类统计特征组 (贝叶斯调参版)           
=============================================
准确率 (Accuracy):   0.9470
精确率 (Precision):  0.9609
召回率 (Recall):     0.9318
F1 值 (F1-Score):    0.9462
AUC 曲线下面积:      0.9870
---------------------------------------------
训练总耗时:          3.19 秒
单条推理平均延时:     0.001264 毫秒
=============================================

  ✅ 完成 (127 秒)

──────────────────────────────────────────
  [5] 二分类 | 2-gram   | Optuna 调参 (30次)
  脚本: erfen/optuna_2-gram_comp.py
──────────────────────────────────────────
[I 2026-05-21 18:26:07,847] A new study created in memory with name: no-name-7c4b66c4-7814-4632-a59e-fe9364ea5d62
[I 2026-05-21 18:26:11,538] Trial 0 finished with value: 0.9393455078994943 and parameters: {'n_estimators': 598, 'max_depth': 7, 'learning_rate': 0.020237835795638624, 'subsample': 0.9458056885464949, 'colsample_bytree': 0.9066466332619799}. Best is trial 0 with value: 0.9393455078994943.
[I 2026-05-21 18:26:14,135] Trial 1 finished with value: 0.9373409919479634 and parameters: {'n_estimators': 258, 'max_depth': 7, 'learning_rate': 0.04336484749320859, 'subsample': 0.9653507719245759, 'colsample_bytree': 0.8871251019397718}. Best is trial 0 with value: 0.9393455078994943.
[I 2026-05-21 18:26:18,028] Trial 2 finished with value: 0.9434877896055104 and parameters: {'n_estimators': 409, 'max_depth': 11, 'learning_rate': 0.022161107486140457, 'subsample': 0.6409643125271268, 'colsample_bytree': 0.8974151633412047}. Best is trial 2 with value: 0.9434877896055104.
[I 2026-05-21 18:26:21,618] Trial 3 finished with value: 0.9354044425817267 and parameters: {'n_estimators': 360, 'max_depth': 10, 'learning_rate': 0.01861028145679237, 'subsample': 0.655589719503846, 'colsample_bytree': 0.7288680958544198}. Best is trial 2 with value: 0.9434877896055104.
[I 2026-05-21 18:26:24,150] Trial 4 finished with value: 0.9632982690774414 and parameters: {'n_estimators': 349, 'max_depth': 9, 'learning_rate': 0.09070883287500194, 'subsample': 0.8841796439430879, 'colsample_bytree': 0.6560102045037459}. Best is trial 4 with value: 0.9632982690774414.
[I 2026-05-21 18:26:25,523] Trial 5 finished with value: 0.9326571901521322 and parameters: {'n_estimators': 225, 'max_depth': 7, 'learning_rate': 0.041120200198445866, 'subsample': 0.8297262217540167, 'colsample_bytree': 0.8923130270983659}. Best is trial 4 with value: 0.9632982690774414.
[I 2026-05-21 18:26:27,504] Trial 6 finished with value: 0.9717735772150609 and parameters: {'n_estimators': 255, 'max_depth': 10, 'learning_rate': 0.2041850035647943, 'subsample': 0.8547616459795886, 'colsample_bytree': 0.7915004236279491}. Best is trial 6 with value: 0.9717735772150609.
[I 2026-05-21 18:26:29,597] Trial 7 finished with value: 0.9157169498549523 and parameters: {'n_estimators': 223, 'max_depth': 11, 'learning_rate': 0.014333151748916485, 'subsample': 0.8371957864726234, 'colsample_bytree': 0.8629198987093748}. Best is trial 6 with value: 0.9717735772150609.
[I 2026-05-21 18:26:30,661] Trial 8 finished with value: 0.938702742383724 and parameters: {'n_estimators': 169, 'max_depth': 6, 'learning_rate': 0.08321760199059806, 'subsample': 0.7045692310360303, 'colsample_bytree': 0.9510539283977719}. Best is trial 6 with value: 0.9717735772150609.
[I 2026-05-21 18:26:31,469] Trial 9 finished with value: 0.93642620711396 and parameters: {'n_estimators': 142, 'max_depth': 7, 'learning_rate': 0.07483952062071544, 'subsample': 0.9382450035908689, 'colsample_bytree': 0.6268904797904795}. Best is trial 6 with value: 0.9717735772150609.
[I 2026-05-21 18:26:33,395] Trial 10 finished with value: 0.9643801843909705 and parameters: {'n_estimators': 501, 'max_depth': 3, 'learning_rate': 0.23166974331973164, 'subsample': 0.7429402441827294, 'colsample_bytree': 0.7813459550257995}. Best is trial 6 with value: 0.9717735772150609.
[I 2026-05-21 18:26:35,338] Trial 11 finished with value: 0.9666410453497309 and parameters: {'n_estimators': 532, 'max_depth': 3, 'learning_rate': 0.2777498412932664, 'subsample': 0.7636482278872491, 'colsample_bytree': 0.7449574229759557}. Best is trial 6 with value: 0.9717735772150609.
[I 2026-05-21 18:26:37,695] Trial 12 finished with value: 0.9711957213803641 and parameters: {'n_estimators': 590, 'max_depth': 4, 'learning_rate': 0.29289628239347104, 'subsample': 0.7639490264630964, 'colsample_bytree': 0.7538303115879219}. Best is trial 6 with value: 0.9717735772150609.
[I 2026-05-21 18:26:39,026] Trial 13 finished with value: 0.9597377793836783 and parameters: {'n_estimators': 292, 'max_depth': 5, 'learning_rate': 0.17030391317481644, 'subsample': 0.8622692041643103, 'colsample_bytree': 0.8177075589029363}. Best is trial 6 with value: 0.9717735772150609.
[I 2026-05-21 18:26:42,094] Trial 14 finished with value: 0.9724485638622937 and parameters: {'n_estimators': 438, 'max_depth': 9, 'learning_rate': 0.14953896271677447, 'subsample': 0.7876178167176558, 'colsample_bytree': 0.6937368292653048}. Best is trial 14 with value: 0.9724485638622937.
[I 2026-05-21 18:26:44,859] Trial 15 finished with value: 0.9721564131957713 and parameters: {'n_estimators': 400, 'max_depth': 9, 'learning_rate': 0.15278481395035662, 'subsample': 0.7965351558837446, 'colsample_bytree': 0.6757381370905772}. Best is trial 14 with value: 0.9724485638622937.
[I 2026-05-21 18:26:48,176] Trial 16 finished with value: 0.9721444212456077 and parameters: {'n_estimators': 460, 'max_depth': 9, 'learning_rate': 0.1379041365003025, 'subsample': 0.7030696258011102, 'colsample_bytree': 0.6747545061598987}. Best is trial 14 with value: 0.9724485638622937.
[I 2026-05-21 18:26:51,110] Trial 17 finished with value: 0.9699925939167965 and parameters: {'n_estimators': 419, 'max_depth': 9, 'learning_rate': 0.1250549542547434, 'subsample': 0.8077042563395775, 'colsample_bytree': 0.6977885505899832}. Best is trial 14 with value: 0.9724485638622937.
[I 2026-05-21 18:26:55,133] Trial 18 finished with value: 0.9713134609990566 and parameters: {'n_estimators': 356, 'max_depth': 12, 'learning_rate': 0.12081239456667912, 'subsample': 0.89807469043246, 'colsample_bytree': 0.6189496022233444}. Best is trial 14 with value: 0.9724485638622937.
[I 2026-05-21 18:26:58,093] Trial 19 finished with value: 0.9581556434312889 and parameters: {'n_estimators': 447, 'max_depth': 8, 'learning_rate': 0.0580847169026401, 'subsample': 0.7889780332942721, 'colsample_bytree': 0.7078136855397663}. Best is trial 14 with value: 0.9724485638622937.
[I 2026-05-21 18:27:02,224] Trial 20 finished with value: 0.9486211296580819 and parameters: {'n_estimators': 517, 'max_depth': 8, 'learning_rate': 0.031233388310189885, 'subsample': 0.6019587984130563, 'colsample_bytree': 0.6566730384317603}. Best is trial 14 with value: 0.9724485638622937.
[I 2026-05-21 18:27:05,672] Trial 21 finished with value: 0.9719554751776662 and parameters: {'n_estimators': 465, 'max_depth': 9, 'learning_rate': 0.14096340031934632, 'subsample': 0.7080537725741003, 'colsample_bytree': 0.668370343127196}. Best is trial 14 with value: 0.9724485638622937.
[I 2026-05-21 18:27:08,726] Trial 22 finished with value: 0.9733123220821472 and parameters: {'n_estimators': 403, 'max_depth': 10, 'learning_rate': 0.17301676904138702, 'subsample': 0.7115822407003262, 'colsample_bytree': 0.6059912965789596}. Best is trial 22 with value: 0.9733123220821472.
[I 2026-05-21 18:27:11,780] Trial 23 finished with value: 0.9736608163368977 and parameters: {'n_estimators': 404, 'max_depth': 10, 'learning_rate': 0.18017397105938235, 'subsample': 0.7359113041941366, 'colsample_bytree': 0.6074682519214317}. Best is trial 23 with value: 0.9736608163368977.
[I 2026-05-21 18:27:15,449] Trial 24 finished with value: 0.9755553866808522 and parameters: {'n_estimators': 382, 'max_depth': 12, 'learning_rate': 0.20209931571012507, 'subsample': 0.7335675179442184, 'colsample_bytree': 0.6040615777760132}. Best is trial 24 with value: 0.9755553866808522.
[I 2026-05-21 18:27:18,313] Trial 25 finished with value: 0.974757084506685 and parameters: {'n_estimators': 322, 'max_depth': 12, 'learning_rate': 0.20846026497378017, 'subsample': 0.6730837305045739, 'colsample_bytree': 0.601596604567818}. Best is trial 24 with value: 0.9755553866808522.
[I 2026-05-21 18:27:21,138] Trial 26 finished with value: 0.9753142741281428 and parameters: {'n_estimators': 318, 'max_depth': 12, 'learning_rate': 0.22764734854788143, 'subsample': 0.6595161094020001, 'colsample_bytree': 0.6399809421588551}. Best is trial 24 with value: 0.9755553866808522.
[I 2026-05-21 18:27:23,786] Trial 27 finished with value: 0.9750221884113097 and parameters: {'n_estimators': 294, 'max_depth': 12, 'learning_rate': 0.2316272850475376, 'subsample': 0.6616180751287773, 'colsample_bytree': 0.6365110730233533}. Best is trial 24 with value: 0.9755553866808522.
[I 2026-05-21 18:27:27,437] Trial 28 finished with value: 0.9687300248012068 and parameters: {'n_estimators': 322, 'max_depth': 12, 'learning_rate': 0.10556347873113096, 'subsample': 0.6205954178929867, 'colsample_bytree': 0.6356801223521422}. Best is trial 24 with value: 0.9755553866808522.
[I 2026-05-21 18:27:30,027] Trial 29 finished with value: 0.9750221884113097 and parameters: {'n_estimators': 283, 'max_depth': 11, 'learning_rate': 0.23760218942453545, 'subsample': 0.6698124304856395, 'colsample_bytree': 0.999435254089472}. Best is trial 24 with value: 0.9755553866808522.
正在读取纯域名数据集 (目标各取: 200000 条)...
执行 8:1:1 严谨划分 (Train:Val:Test)...
数据就绪: 训练集(319999), 验证集(40000), 测试集(40000)

执行 2-gram 特征提取 (预提取以加速调参)...
特征提取完成！特征维度: 1369

--- 开始 2-gram 二分类贝叶斯调参 (Optuna) ---

最优参数锁定: {'n_estimators': 382, 'max_depth': 12, 'learning_rate': 0.20209931571012507, 'subsample': 0.7335675179442184, 'colsample_bytree': 0.6040615777760132}
执行测试集预测与性能分析...

=============================================
        实验结果: 二分类 2-gram 特征组 (贝叶斯调参版)        
=============================================
最终特征维度:        1369
最优参数组合:        {'n_estimators': 382, 'max_depth': 12, 'learning_rate': 0.20209931571012507, 'subsample': 0.7335675179442184, 'colsample_bytree': 0.6040615777760132}
调参迭代次数:        30 次
调参总耗时:          82.18 秒
---------------------------------------------
准确率 (Accuracy):   0.9758
精确率 (Precision):  0.9878
召回率 (Recall):     0.9635
F1 值 (F1-Score):    0.9755
AUC 曲线下面积:      0.9965
---------------------------------------------
最终模型训练耗时:     3.09 秒
单条推理平均延时:     0.000945 毫秒
=============================================

  ✅ 完成 (88 秒)

──────────────────────────────────────────
  [6] 二分类 | 2-4gram  | Optuna 调参 (30次)
  脚本: erfen/optuna_2-4gram_comp.py
──────────────────────────────────────────
[I 2026-05-21 18:27:39,332] A new study created in memory with name: no-name-8ae8dbf1-ff18-458f-a29a-480db1d271e6
[I 2026-05-21 18:28:24,496] Trial 0 finished with value: 0.7892546515468457 and parameters: {'n_estimators': 139, 'max_depth': 9, 'learning_rate': 0.01266431554126582, 'subsample': 0.6999971382551455, 'colsample_bytree': 0.794072715054557, 'gamma': 1.8603773837687325}. Best is trial 0 with value: 0.7892546515468457.
[I 2026-05-21 18:30:51,294] Trial 1 finished with value: 0.9664102564102565 and parameters: {'n_estimators': 470, 'max_depth': 10, 'learning_rate': 0.06631917904287517, 'subsample': 0.6744490713137941, 'colsample_bytree': 0.9671888685624386, 'gamma': 0.8138405332908183}. Best is trial 1 with value: 0.9664102564102565.
[I 2026-05-21 18:31:21,151] Trial 2 finished with value: 0.9483697776851103 and parameters: {'n_estimators': 246, 'max_depth': 4, 'learning_rate': 0.13172757674779342, 'subsample': 0.6493598859596097, 'colsample_bytree': 0.5301043107754411, 'gamma': 2.462996566336591}. Best is trial 1 with value: 0.9664102564102565.
[I 2026-05-21 18:31:58,449] Trial 3 finished with value: 0.9526108169832866 and parameters: {'n_estimators': 133, 'max_depth': 9, 'learning_rate': 0.1149180708295625, 'subsample': 0.7067177391425634, 'colsample_bytree': 0.8857315991525188, 'gamma': 4.4911999599122225}. Best is trial 1 with value: 0.9664102564102565.
[I 2026-05-21 18:32:42,901] Trial 4 finished with value: 0.9001221508953401 and parameters: {'n_estimators': 488, 'max_depth': 3, 'learning_rate': 0.016391985476422715, 'subsample': 0.9240868277953848, 'colsample_bytree': 0.6608233601821816, 'gamma': 4.080435884599591}. Best is trial 1 with value: 0.9664102564102565.
[I 2026-05-21 18:35:12,109] Trial 5 finished with value: 0.9304893611480064 and parameters: {'n_estimators': 390, 'max_depth': 12, 'learning_rate': 0.010818757433294343, 'subsample': 0.8108642334657802, 'colsample_bytree': 0.6568065807853918, 'gamma': 3.032595492185803}. Best is trial 1 with value: 0.9664102564102565.
[I 2026-05-21 18:35:48,028] Trial 6 finished with value: 0.9601753933453702 and parameters: {'n_estimators': 364, 'max_depth': 3, 'learning_rate': 0.2403556305311692, 'subsample': 0.6508169427389302, 'colsample_bytree': 0.9822734610862625, 'gamma': 2.81526739382928}. Best is trial 1 with value: 0.9664102564102565.
[I 2026-05-21 18:36:51,697] Trial 7 finished with value: 0.9714955892101371 and parameters: {'n_estimators': 273, 'max_depth': 9, 'learning_rate': 0.20460534884171408, 'subsample': 0.8520932789978488, 'colsample_bytree': 0.5278901340047459, 'gamma': 3.168858311456215}. Best is trial 7 with value: 0.9714955892101371.
[I 2026-05-21 18:38:56,716] Trial 8 finished with value: 0.9620129284812897 and parameters: {'n_estimators': 448, 'max_depth': 10, 'learning_rate': 0.05329731299745083, 'subsample': 0.789963244976042, 'colsample_bytree': 0.8369229709551147, 'gamma': 4.310841132640084}. Best is trial 7 with value: 0.9714955892101371.
[I 2026-05-21 18:39:32,501] Trial 9 finished with value: 0.9634350026980497 and parameters: {'n_estimators': 378, 'max_depth': 3, 'learning_rate': 0.29950882188412115, 'subsample': 0.8285691177523418, 'colsample_bytree': 0.8512985311703611, 'gamma': 3.6965094122932007}. Best is trial 7 with value: 0.9714955892101371.
[I 2026-05-21 18:40:17,756] Trial 10 finished with value: 0.9306842340096061 and parameters: {'n_estimators': 257, 'max_depth': 6, 'learning_rate': 0.03565062471189851, 'subsample': 0.9347284512113859, 'colsample_bytree': 0.5176893478094592, 'gamma': 0.24252446955287432}. Best is trial 7 with value: 0.9714955892101371.
[I 2026-05-21 18:42:16,464] Trial 11 finished with value: 0.9707414215686274 and parameters: {'n_estimators': 302, 'max_depth': 12, 'learning_rate': 0.11115571105239322, 'subsample': 0.8665111399153721, 'colsample_bytree': 0.9993737557492604, 'gamma': 1.2610184435703877}. Best is trial 7 with value: 0.9714955892101371.
[I 2026-05-21 18:44:05,956] Trial 12 finished with value: 0.9731724699653839 and parameters: {'n_estimators': 304, 'max_depth': 12, 'learning_rate': 0.14083567867544727, 'subsample': 0.9900513781586815, 'colsample_bytree': 0.6972159241714396, 'gamma': 1.4490597417245727}. Best is trial 12 with value: 0.9731724699653839.
[I 2026-05-21 18:44:49,311] Trial 13 finished with value: 0.9622724112178415 and parameters: {'n_estimators': 200, 'max_depth': 7, 'learning_rate': 0.18090146704744536, 'subsample': 0.9920470920483864, 'colsample_bytree': 0.6186055750684741, 'gamma': 1.979137941215669}. Best is trial 12 with value: 0.9731724699653839.
[I 2026-05-21 18:46:19,964] Trial 14 finished with value: 0.9739010989010989 and parameters: {'n_estimators': 311, 'max_depth': 11, 'learning_rate': 0.16507164508524555, 'subsample': 0.9931868399019586, 'colsample_bytree': 0.7294742811023881, 'gamma': 3.417886814612805}. Best is trial 14 with value: 0.9739010989010989.
[I 2026-05-21 18:48:03,404] Trial 15 finished with value: 0.9650443046102478 and parameters: {'n_estimators': 323, 'max_depth': 11, 'learning_rate': 0.07924342476456774, 'subsample': 0.9981901612938362, 'colsample_bytree': 0.7350819412685797, 'gamma': 4.933788884871591}. Best is trial 14 with value: 0.9739010989010989.
[I 2026-05-21 18:49:30,911] Trial 16 finished with value: 0.9424231351464216 and parameters: {'n_estimators': 204, 'max_depth': 12, 'learning_rate': 0.03518047734469572, 'subsample': 0.933527221135815, 'colsample_bytree': 0.7289057900792265, 'gamma': 1.2776539236412825}. Best is trial 14 with value: 0.9739010989010989.
[I 2026-05-21 18:51:04,916] Trial 17 finished with value: 0.9731697383158537 and parameters: {'n_estimators': 336, 'max_depth': 11, 'learning_rate': 0.15080142184158538, 'subsample': 0.7605811671218021, 'colsample_bytree': 0.6841153751103755, 'gamma': 3.632695257790087}. Best is trial 14 with value: 0.9739010989010989.
[I 2026-05-21 18:52:25,505] Trial 18 finished with value: 0.9625148035631533 and parameters: {'n_estimators': 422, 'max_depth': 7, 'learning_rate': 0.08832043548766665, 'subsample': 0.8917033274933247, 'colsample_bytree': 0.5854576241317806, 'gamma': 1.9805663995472012}. Best is trial 14 with value: 0.9739010989010989.
[I 2026-05-21 18:53:46,955] Trial 19 finished with value: 0.9475848428065792 and parameters: {'n_estimators': 220, 'max_depth': 11, 'learning_rate': 0.04619449063787017, 'subsample': 0.9680053856086293, 'colsample_bytree': 0.778960340051254, 'gamma': 2.414551651555205}. Best is trial 14 with value: 0.9739010989010989.
[I 2026-05-21 18:54:28,629] Trial 20 finished with value: 0.909166906136524 and parameters: {'n_estimators': 284, 'max_depth': 5, 'learning_rate': 0.021619234689597252, 'subsample': 0.8918002870498907, 'colsample_bytree': 0.7071122914478494, 'gamma': 1.3008576716337577}. Best is trial 14 with value: 0.9739010989010989.
[I 2026-05-21 18:56:01,871] Trial 21 finished with value: 0.972521455675249 and parameters: {'n_estimators': 331, 'max_depth': 11, 'learning_rate': 0.14857231653617411, 'subsample': 0.7996643059037066, 'colsample_bytree': 0.6828425852249222, 'gamma': 3.579356098998501}. Best is trial 14 with value: 0.9739010989010989.
[I 2026-05-21 18:57:26,014] Trial 22 finished with value: 0.9724691200814976 and parameters: {'n_estimators': 340, 'max_depth': 10, 'learning_rate': 0.16321861591900122, 'subsample': 0.7399221793572891, 'colsample_bytree': 0.625898682887799, 'gamma': 3.6541624263893713}. Best is trial 14 with value: 0.9739010989010989.
[I 2026-05-21 18:58:47,178] Trial 23 finished with value: 0.9759497199624927 and parameters: {'n_estimators': 419, 'max_depth': 8, 'learning_rate': 0.2642335067274194, 'subsample': 0.7759877759468754, 'colsample_bytree': 0.7695724274728574, 'gamma': 3.2779844956276536}. Best is trial 23 with value: 0.9759497199624927.
[I 2026-05-21 19:00:08,411] Trial 24 finished with value: 0.9758730802372143 and parameters: {'n_estimators': 422, 'max_depth': 8, 'learning_rate': 0.27273606040390685, 'subsample': 0.9634349813994844, 'colsample_bytree': 0.7669447444789826, 'gamma': 3.2225932380172493}. Best is trial 23 with value: 0.9759497199624927.
[I 2026-05-21 19:01:31,991] Trial 25 finished with value: 0.9760709759188847 and parameters: {'n_estimators': 425, 'max_depth': 8, 'learning_rate': 0.25888658285250926, 'subsample': 0.9609241482331687, 'colsample_bytree': 0.7798045111439093, 'gamma': 3.1919715516735745}. Best is trial 25 with value: 0.9760709759188847.
[I 2026-05-21 19:02:56,412] Trial 26 finished with value: 0.9755763524309519 and parameters: {'n_estimators': 422, 'max_depth': 8, 'learning_rate': 0.2335604072551322, 'subsample': 0.768915419174035, 'colsample_bytree': 0.7867421405461302, 'gamma': 2.790459157492149}. Best is trial 25 with value: 0.9760709759188847.
[I 2026-05-21 19:04:18,273] Trial 27 finished with value: 0.9763292614932333 and parameters: {'n_estimators': 409, 'max_depth': 8, 'learning_rate': 0.27610496114340954, 'subsample': 0.9510862693651015, 'colsample_bytree': 0.9003656986376004, 'gamma': 3.9276820465672886}. Best is trial 27 with value: 0.9763292614932333.
[I 2026-05-21 19:05:35,288] Trial 28 finished with value: 0.9731654584764085 and parameters: {'n_estimators': 500, 'max_depth': 6, 'learning_rate': 0.21504546307216113, 'subsample': 0.6188458671519708, 'colsample_bytree': 0.9285812295066388, 'gamma': 3.9768872241214295}. Best is trial 27 with value: 0.9763292614932333.
[I 2026-05-21 19:07:02,664] Trial 29 finished with value: 0.9766040411201702 and parameters: {'n_estimators': 448, 'max_depth': 9, 'learning_rate': 0.29784700726474833, 'subsample': 0.7277461571071766, 'colsample_bytree': 0.8259797295160302, 'gamma': 4.970379789881132}. Best is trial 29 with value: 0.9766040411201702.
正在读取纯域名数据集 (目标各取: 200000 条)...
执行 8:1:1 严谨划分 (Train:Val:Test)...
数据就绪: 训练集(319999), 验证集(40000), 测试集(40000)

执行 2-4 gram 特征提取 (混合 2/3/4 位特征)...
复合特征维度锁定为: 213091

--- 开始 2-4 gram 二分类贝叶斯调参 (Optuna) ---

最优参数组合: {'n_estimators': 448, 'max_depth': 9, 'learning_rate': 0.29784700726474833, 'subsample': 0.7277461571071766, 'colsample_bytree': 0.8259797295160302, 'gamma': 4.970379789881132}
执行测试集预测与性能分析...

=============================================
       实验结果: 二分类 2-4 gram 特征组 (贝叶斯调参版)       
=============================================
混合特征总维度:      213091
最优参数组合:        {'n_estimators': 448, 'max_depth': 9, 'learning_rate': 0.29784700726474833, 'subsample': 0.7277461571071766, 'colsample_bytree': 0.8259797295160302, 'gamma': 4.970379789881132}
调参总耗时:          2363.33 秒
---------------------------------------------
准确率 (Accuracy):   0.9776
精确率 (Precision):  0.9888
召回率 (Recall):     0.9661
F1 值 (F1-Score):    0.9773
AUC 曲线下面积:      0.9971
---------------------------------------------
最终模型训练耗时:     82.26 秒
单条推理平均延时:     0.215815 毫秒
=============================================

  ✅ 完成 (2461 秒)

══════════════════════════════════════════════
  第二阶段：多分类 (Multi Classification)
══════════════════════════════════════════════

──────────────────────────────────────────
  [7] 多分类 | 统计特征 | 默认参数
  脚本: duofen/feature_comp.py
──────────────────────────────────────────
正在读取多分类数据集: dga_sampled_8k.txt...
检测到 10 个家族，样本总量: 80000
家族样本量区间: [8000, 8000]

正在提取 6 维统计特征...
开始 XGBoost 多分类训练 (类别数: 10)...

=============================================
            实验结果: 多分类统计特征组 (默认参数)            
=============================================
类别总数:           10
准确率 (Accuracy):   0.8397
宏平均 F1 (Macro-F1): 0.8214
---------------------------------------------
训练总耗时:          2.20 秒
单条推理平均延时:     0.003479 毫秒
=============================================

各家族详细分类报告:
              precision    recall  f1-score   support

     banjori     0.9988    1.0000    0.9994       800
      emotet     0.8694    0.9988    0.9296       800
    gameover     0.9987    0.9875    0.9931       800
      necurs     0.6452    0.2250    0.3336       800
   pykspa_v1     0.7241    0.6825    0.7027       800
      ramnit     0.5149    0.5400    0.5272       800
      rovnix     0.9987    0.9925    0.9956       800
       simda     0.7906    0.9912    0.8796       800
       tinba     0.8448    0.9800    0.9074       800
       virut     0.8979    1.0000    0.9462       800

    accuracy                         0.8397      8000
   macro avg     0.8283    0.8398    0.8214      8000
weighted avg     0.8283    0.8397    0.8214      8000


  ✅ 完成 (3 秒)

──────────────────────────────────────────
  [8] 多分类 | 2-gram   | 默认参数
  脚本: duofen/2-gram_comp.py
──────────────────────────────────────────
正在读取多分类数据集: dga_sampled_8k.txt...
检测到家族数量: 10

开始执行 2-gram 特征向量化...
特征提取完成！特征维度: 1296
开始 XGBoost 多分类训练 (2-gram 组)...

=============================================
         实验结果: 多分类 2-gram 特征组 (默认参数)         
=============================================
特征总维度:         1296
准确率 (Accuracy):   0.6661
宏平均 F1 (Macro-F1): 0.6485
---------------------------------------------
训练总耗时:          2.77 秒
单条推理平均延时:     0.000947 毫秒
=============================================

各家族详细分类报告:
              precision    recall  f1-score   support

     banjori     1.0000    1.0000    1.0000       800
      emotet     0.3659    0.3187    0.3407       800
    gameover     0.8563    0.7600    0.8053       800
      necurs     0.2618    0.1800    0.2133       800
   pykspa_v1     0.9277    0.8662    0.8959       800
      ramnit     0.2857    0.1850    0.2246       800
      rovnix     0.8176    0.7562    0.7857       800
       simda     0.7727    0.9688    0.8597       800
       tinba     0.5396    0.8087    0.6473       800
       virut     0.6313    0.8175    0.7124       800

    accuracy                         0.6661      8000
   macro avg     0.6459    0.6661    0.6485      8000
weighted avg     0.6459    0.6661    0.6485      8000


  ✅ 完成 (4 秒)

──────────────────────────────────────────
  [9] 多分类 | 2-4gram  | 默认参数
  脚本: duofen/2-4gram_comp.py
──────────────────────────────────────────
正在读取多分类数据集: dga_sampled_8k.txt...
检测到家族数量: 10

开始执行 4-gram 特征向量化...
特征提取完成！特征维度: 6394
使用 XGBoost 默认参数进行多分类训练 (4-gram)...

=============================================
多分类实验：4-gram 特征组 (默认参数)
=============================================
特征维度:           6394
准确率 (Accuracy):  0.3449
宏平均 F1 (Macro-F1): 0.3054
训练总耗时:         3.90 秒
---------------------------------------------
各家族详细分类报告:
              precision    recall  f1-score   support

     banjori       1.00      1.00      1.00       800
      emotet       0.56      0.04      0.07       800
    gameover       0.17      0.00      0.01       800
      necurs       0.06      0.00      0.00       800
   pykspa_v1       0.99      0.75      0.85       800
      ramnit       0.12      0.00      0.01       800
      rovnix       0.00      0.00      0.00       800
       simda       0.93      0.57      0.70       800
       tinba       0.74      0.10      0.17       800
       virut       0.13      0.99      0.24       800

    accuracy                           0.34      8000
   macro avg       0.47      0.34      0.31      8000
weighted avg       0.47      0.34      0.31      8000

=============================================

  ✅ 完成 (6 秒)

──────────────────────────────────────────
  [10] 多分类 | 统计特征 | Optuna 调参 (50次)
  脚本: duofen/optuna_feature_comp.py
──────────────────────────────────────────
[I 2026-05-21 19:08:48,459] A new study created in memory with name: no-name-2d776189-17c9-4e7c-9ac9-9d98aaf78658
[I 2026-05-21 19:09:03,163] Trial 0 finished with value: 0.8208513091022901 and parameters: {'n_estimators': 537, 'max_depth': 15, 'learning_rate': 0.277653433504818, 'subsample': 0.9222558550759966, 'colsample_bytree': 0.9845611341576519}. Best is trial 0 with value: 0.8208513091022901.
[I 2026-05-21 19:09:06,303] Trial 1 finished with value: 0.8082448455320209 and parameters: {'n_estimators': 289, 'max_depth': 4, 'learning_rate': 0.026752948797965928, 'subsample': 0.6338170682762909, 'colsample_bytree': 0.9714566153922346}. Best is trial 0 with value: 0.8208513091022901.
[I 2026-05-21 19:09:19,904] Trial 2 finished with value: 0.8215181850223733 and parameters: {'n_estimators': 635, 'max_depth': 13, 'learning_rate': 0.035970641014823314, 'subsample': 0.7691694839389944, 'colsample_bytree': 0.8204826256120209}. Best is trial 2 with value: 0.8215181850223733.
[I 2026-05-21 19:09:24,734] Trial 3 finished with value: 0.8220027451361723 and parameters: {'n_estimators': 204, 'max_depth': 13, 'learning_rate': 0.11035697875657709, 'subsample': 0.8522936684110496, 'colsample_bytree': 0.6893495987667047}. Best is trial 3 with value: 0.8220027451361723.
[I 2026-05-21 19:09:39,967] Trial 4 finished with value: 0.8209744324902146 and parameters: {'n_estimators': 635, 'max_depth': 15, 'learning_rate': 0.061846550172965496, 'subsample': 0.9724032264793837, 'colsample_bytree': 0.9695954761843394}. Best is trial 3 with value: 0.8220027451361723.
[I 2026-05-21 19:09:45,046] Trial 5 finished with value: 0.8176275863219509 and parameters: {'n_estimators': 344, 'max_depth': 7, 'learning_rate': 0.07933849282046834, 'subsample': 0.7295415278577149, 'colsample_bytree': 0.9601477605243595}. Best is trial 3 with value: 0.8220027451361723.
[I 2026-05-21 19:09:50,871] Trial 6 finished with value: 0.8197687788939785 and parameters: {'n_estimators': 279, 'max_depth': 14, 'learning_rate': 0.01319743370745644, 'subsample': 0.9209358040599709, 'colsample_bytree': 0.685467031268364}. Best is trial 3 with value: 0.8220027451361723.
[I 2026-05-21 19:09:57,643] Trial 7 finished with value: 0.8200737899485155 and parameters: {'n_estimators': 295, 'max_depth': 13, 'learning_rate': 0.02000491298067923, 'subsample': 0.9423742572448368, 'colsample_bytree': 0.9529073723922777}. Best is trial 3 with value: 0.8220027451361723.
[I 2026-05-21 19:10:02,460] Trial 8 finished with value: 0.8217870610661893 and parameters: {'n_estimators': 194, 'max_depth': 10, 'learning_rate': 0.16232927854694587, 'subsample': 0.7781316403385246, 'colsample_bytree': 0.8735931165769553}. Best is trial 3 with value: 0.8220027451361723.
[I 2026-05-21 19:10:08,817] Trial 9 finished with value: 0.8130532656763731 and parameters: {'n_estimators': 474, 'max_depth': 7, 'learning_rate': 0.019388221590026625, 'subsample': 0.8786116441516238, 'colsample_bytree': 0.7196599699381896}. Best is trial 3 with value: 0.8220027451361723.
[I 2026-05-21 19:10:11,330] Trial 10 finished with value: 0.8210687716815952 and parameters: {'n_estimators': 122, 'max_depth': 11, 'learning_rate': 0.15187462524969172, 'subsample': 0.8445199061743963, 'colsample_bytree': 0.6109483775766164}. Best is trial 3 with value: 0.8220027451361723.
[I 2026-05-21 19:10:13,760] Trial 11 finished with value: 0.8181429410009201 and parameters: {'n_estimators': 110, 'max_depth': 10, 'learning_rate': 0.13112245715040835, 'subsample': 0.7114603169081756, 'colsample_bytree': 0.8413618073368503}. Best is trial 3 with value: 0.8220027451361723.
[I 2026-05-21 19:10:17,718] Trial 12 finished with value: 0.8220681939206912 and parameters: {'n_estimators': 184, 'max_depth': 11, 'learning_rate': 0.2952259548036612, 'subsample': 0.8204191585087864, 'colsample_bytree': 0.8737457911694793}. Best is trial 12 with value: 0.8220681939206912.
[I 2026-05-21 19:10:33,796] Trial 13 finished with value: 0.8202509508810861 and parameters: {'n_estimators': 792, 'max_depth': 12, 'learning_rate': 0.27279417023569796, 'subsample': 0.8372218447318449, 'colsample_bytree': 0.7595773305071212}. Best is trial 12 with value: 0.8220681939206912.
[I 2026-05-21 19:10:37,270] Trial 14 finished with value: 0.8200983455219031 and parameters: {'n_estimators': 212, 'max_depth': 8, 'learning_rate': 0.09560617282008813, 'subsample': 0.8511143226282767, 'colsample_bytree': 0.8973213511401844}. Best is trial 12 with value: 0.8220681939206912.
[I 2026-05-21 19:10:41,228] Trial 15 finished with value: 0.8147087245176816 and parameters: {'n_estimators': 385, 'max_depth': 3, 'learning_rate': 0.20884141704666762, 'subsample': 0.667471498119632, 'colsample_bytree': 0.6246609799375566}. Best is trial 12 with value: 0.8220681939206912.
[I 2026-05-21 19:10:45,757] Trial 16 finished with value: 0.8213053368787635 and parameters: {'n_estimators': 219, 'max_depth': 12, 'learning_rate': 0.10659220337146665, 'subsample': 0.8070571750379879, 'colsample_bytree': 0.767894146690309}. Best is trial 12 with value: 0.8220681939206912.
[I 2026-05-21 19:10:52,599] Trial 17 finished with value: 0.8191761671105693 and parameters: {'n_estimators': 403, 'max_depth': 9, 'learning_rate': 0.04260894328650779, 'subsample': 0.8983397167992044, 'colsample_bytree': 0.6713127967617816}. Best is trial 12 with value: 0.8220681939206912.
[I 2026-05-21 19:10:56,447] Trial 18 finished with value: 0.8215964545109239 and parameters: {'n_estimators': 162, 'max_depth': 11, 'learning_rate': 0.1954463425865846, 'subsample': 0.9852476327627359, 'colsample_bytree': 0.8995865494804396}. Best is trial 12 with value: 0.8220681939206912.
[I 2026-05-21 19:11:02,250] Trial 19 finished with value: 0.8185114875404604 and parameters: {'n_estimators': 477, 'max_depth': 5, 'learning_rate': 0.060633794330532384, 'subsample': 0.7415261105262824, 'colsample_bytree': 0.7619038228888111}. Best is trial 12 with value: 0.8220681939206912.
[I 2026-05-21 19:11:07,699] Trial 20 finished with value: 0.8202625096808864 and parameters: {'n_estimators': 253, 'max_depth': 13, 'learning_rate': 0.2915565103158005, 'subsample': 0.8118348783078815, 'colsample_bytree': 0.661818032595397}. Best is trial 12 with value: 0.8220681939206912.
[I 2026-05-21 19:11:11,429] Trial 21 finished with value: 0.8216467551804826 and parameters: {'n_estimators': 177, 'max_depth': 10, 'learning_rate': 0.16087099610639083, 'subsample': 0.7737089128055783, 'colsample_bytree': 0.8688603625431166}. Best is trial 12 with value: 0.8220681939206912.
[I 2026-05-21 19:11:14,839] Trial 22 finished with value: 0.8214528722962007 and parameters: {'n_estimators': 170, 'max_depth': 9, 'learning_rate': 0.19970127029968845, 'subsample': 0.7702705990524791, 'colsample_bytree': 0.9161968903336735}. Best is trial 12 with value: 0.8220681939206912.
[I 2026-05-21 19:11:21,845] Trial 23 finished with value: 0.8202749419421105 and parameters: {'n_estimators': 353, 'max_depth': 10, 'learning_rate': 0.12452353678991414, 'subsample': 0.863627899359093, 'colsample_bytree': 0.8561545353518984}. Best is trial 12 with value: 0.8220681939206912.
[I 2026-05-21 19:11:24,377] Trial 24 finished with value: 0.8195685530405342 and parameters: {'n_estimators': 111, 'max_depth': 11, 'learning_rate': 0.08357304645576738, 'subsample': 0.6921621349458055, 'colsample_bytree': 0.8064395022004255}. Best is trial 12 with value: 0.8220681939206912.
[I 2026-05-21 19:11:29,522] Trial 25 finished with value: 0.8209330305780188 and parameters: {'n_estimators': 219, 'max_depth': 12, 'learning_rate': 0.20719879317522902, 'subsample': 0.8170448304174656, 'colsample_bytree': 0.7171841147665474}. Best is trial 12 with value: 0.8220681939206912.
[I 2026-05-21 19:11:37,059] Trial 26 finished with value: 0.8210636963803525 and parameters: {'n_estimators': 321, 'max_depth': 14, 'learning_rate': 0.15782907726898107, 'subsample': 0.7841568352390564, 'colsample_bytree': 0.9247788632458789}. Best is trial 12 with value: 0.8220681939206912.
[I 2026-05-21 19:11:41,397] Trial 27 finished with value: 0.821356964250687 and parameters: {'n_estimators': 238, 'max_depth': 8, 'learning_rate': 0.11153498034371169, 'subsample': 0.8869938240048263, 'colsample_bytree': 0.8787020882893996}. Best is trial 12 with value: 0.8220681939206912.
[I 2026-05-21 19:11:43,705] Trial 28 finished with value: 0.8135665169789051 and parameters: {'n_estimators': 162, 'max_depth': 6, 'learning_rate': 0.0762576634245775, 'subsample': 0.8252903514001299, 'colsample_bytree': 0.8380695022838012}. Best is trial 12 with value: 0.8220681939206912.
[I 2026-05-21 19:11:55,101] Trial 29 finished with value: 0.8211906075755036 and parameters: {'n_estimators': 549, 'max_depth': 14, 'learning_rate': 0.2561544368211854, 'subsample': 0.7464572882313896, 'colsample_bytree': 0.7765620157264851}. Best is trial 12 with value: 0.8220681939206912.
正在读取多分类数据集: dga_sampled_8k.txt...

预提取统计特征以加速调参过程...

--- 开始多分类统计特征组贝叶斯调参 (类别数: 10) ---

调参完成！最优 Macro-F1: 0.8221

=============================================
           实验结果: 多分类统计特征组 (贝叶斯调参版)           
=============================================
最优参数组合:        {'n_estimators': 184, 'max_depth': 11, 'learning_rate': 0.2952259548036612, 'subsample': 0.8204191585087864, 'colsample_bytree': 0.8737457911694793}
准确率 (Accuracy):   0.8365
宏平均 F1 (Macro-F1): 0.8208
---------------------------------------------
调参总耗时:          186.64 秒
最终模型训练耗时:     4.55 秒
单条推理平均延时:     0.001886 毫秒
=============================================

各家族详细分类报告 (最终模型):
              precision    recall  f1-score   support

     banjori     0.9988    1.0000    0.9994       800
      emotet     0.8680    0.9950    0.9272       800
    gameover     0.9975    0.9875    0.9925       800
      necurs     0.5425    0.2875    0.3758       800
   pykspa_v1     0.7247    0.6813    0.7023       800
      ramnit     0.5157    0.4512    0.4813       800
      rovnix     0.9987    0.9925    0.9956       800
       simda     0.7922    0.9912    0.8806       800
       tinba     0.8447    0.9788    0.9068       800
       virut     0.8979    1.0000    0.9462       800

    accuracy                         0.8365      8000
   macro avg     0.8181    0.8365    0.8208      8000
weighted avg     0.8181    0.8365    0.8208      8000


  ✅ 完成 (192 秒)

──────────────────────────────────────────
  [11] 多分类 | 2-gram   | Optuna 调参 (30次)
  脚本: duofen/optuna_2-gram_comp.py
──────────────────────────────────────────
正在读取多分类数据集: dga_sampled_8k.txt...
检测到家族数量: 10

开始执行 2-4 gram 特征向量化 (混合 2/3/4 位特征)...
特征提取完成！特征维度: 39170
开始 XGBoost 多分类训练 (2-4 gram 混合组)...

=============================================
        实验结果: 多分类 2-4 gram 特征组 (默认参数)        
=============================================
混合特征总维度:      39170
准确率 (Accuracy):   0.6649
宏平均 F1 (Macro-F1): 0.6456
---------------------------------------------
训练总耗时:          33.72 秒
单条推理平均延时:     0.026893 毫秒
=============================================

各家族详细分类报告:
              precision    recall  f1-score   support

     banjori     1.0000    1.0000    1.0000       800
      emotet     0.3654    0.3225    0.3426       800
    gameover     0.8503    0.7525    0.7984       800
      necurs     0.2563    0.1787    0.2106       800
   pykspa_v1     0.9344    0.8725    0.9024       800
      ramnit     0.2616    0.1550    0.1947       800
      rovnix     0.8155    0.7512    0.7820       800
       simda     0.7754    0.9712    0.8624       800
       tinba     0.5422    0.8187    0.6524       800
       virut     0.6236    0.8263    0.7108       800

    accuracy                         0.6649      8000
   macro avg     0.6425    0.6649    0.6456      8000
weighted avg     0.6425    0.6649    0.6456      8000


  ✅ 完成 (37 秒)

──────────────────────────────────────────
  [12] 多分类 | 2-4gram  | Optuna 调参 (30次)
  脚本: duofen/optuna_2_4gram_comp.py
──────────────────────────────────────────
[I 2026-05-21 19:12:38,148] A new study created in memory with name: no-name-34899992-083d-46a3-9f2c-1d723a155d5e
[I 2026-05-21 19:14:00,533] Trial 0 finished with value: 0.6039503910049738 and parameters: {'n_estimators': 400, 'max_depth': 10, 'learning_rate': 0.014878227774884178, 'subsample': 0.9022308441481921, 'colsample_bytree': 0.9209993866051052, 'gamma': 1.6368971898952311}. Best is trial 0 with value: 0.6039503910049738.
[I 2026-05-21 19:14:32,081] Trial 1 finished with value: 0.6944253341860628 and parameters: {'n_estimators': 301, 'max_depth': 11, 'learning_rate': 0.20955784325547944, 'subsample': 0.9205137538275605, 'colsample_bytree': 0.7333209299737791, 'gamma': 4.431025265837723}. Best is trial 1 with value: 0.6944253341860628.
[I 2026-05-21 19:14:56,725] Trial 2 finished with value: 0.615809950269449 and parameters: {'n_estimators': 193, 'max_depth': 8, 'learning_rate': 0.04576621915567172, 'subsample': 0.7376727899639194, 'colsample_bytree': 0.58248792295019, 'gamma': 4.029793645148016}. Best is trial 1 with value: 0.6944253341860628.
[I 2026-05-21 19:15:40,956] Trial 3 finished with value: 0.6780135433884811 and parameters: {'n_estimators': 269, 'max_depth': 10, 'learning_rate': 0.12001194320590666, 'subsample': 0.66834378007913, 'colsample_bytree': 0.8533191097753634, 'gamma': 2.177949595312241}. Best is trial 1 with value: 0.6944253341860628.
[I 2026-05-21 19:16:44,657] Trial 4 finished with value: 0.6695262377337177 and parameters: {'n_estimators': 375, 'max_depth': 8, 'learning_rate': 0.0737163246810407, 'subsample': 0.8200003330279726, 'colsample_bytree': 0.8808552473446847, 'gamma': 0.054589612768962126}. Best is trial 1 with value: 0.6944253341860628.
[I 2026-05-21 19:17:16,042] Trial 5 finished with value: 0.6788683484114202 and parameters: {'n_estimators': 156, 'max_depth': 12, 'learning_rate': 0.16684708638687099, 'subsample': 0.9689923512348576, 'colsample_bytree': 0.9557805996606902, 'gamma': 2.228266346655337}. Best is trial 1 with value: 0.6944253341860628.
[I 2026-05-21 19:17:38,030] Trial 6 finished with value: 0.5697910725094424 and parameters: {'n_estimators': 218, 'max_depth': 5, 'learning_rate': 0.02785684054738959, 'subsample': 0.9375444813276674, 'colsample_bytree': 0.9829144016986748, 'gamma': 2.4383760827907306}. Best is trial 1 with value: 0.6944253341860628.
[I 2026-05-21 19:18:02,191] Trial 7 finished with value: 0.63154769683332 and parameters: {'n_estimators': 378, 'max_depth': 3, 'learning_rate': 0.08863529179424745, 'subsample': 0.8346990422079692, 'colsample_bytree': 0.9017158117893137, 'gamma': 4.405494116016448}. Best is trial 1 with value: 0.6944253341860628.
[I 2026-05-21 19:18:40,855] Trial 8 finished with value: 0.6902293531835505 and parameters: {'n_estimators': 403, 'max_depth': 9, 'learning_rate': 0.1316133116595572, 'subsample': 0.9130733379875366, 'colsample_bytree': 0.6310988255188665, 'gamma': 4.70064654808012}. Best is trial 1 with value: 0.6944253341860628.
[I 2026-05-21 19:19:36,992] Trial 9 finished with value: 0.6760168062273421 and parameters: {'n_estimators': 415, 'max_depth': 9, 'learning_rate': 0.0783995013492135, 'subsample': 0.7058334382944449, 'colsample_bytree': 0.8391663201560993, 'gamma': 3.1789338092132797}. Best is trial 1 with value: 0.6944253341860628.
[I 2026-05-21 19:20:17,374] Trial 10 finished with value: 0.7076046081947598 and parameters: {'n_estimators': 490, 'max_depth': 12, 'learning_rate': 0.25399843872622013, 'subsample': 0.608659193935821, 'colsample_bytree': 0.7112243797868711, 'gamma': 3.4764632356391636}. Best is trial 10 with value: 0.7076046081947598.
[I 2026-05-21 19:20:56,252] Trial 11 finished with value: 0.7114713004224724 and parameters: {'n_estimators': 500, 'max_depth': 12, 'learning_rate': 0.2754634511264346, 'subsample': 0.6058576799493964, 'colsample_bytree': 0.707300979934699, 'gamma': 3.458510177974262}. Best is trial 11 with value: 0.7114713004224724.
[I 2026-05-21 19:21:36,824] Trial 12 finished with value: 0.7075744427929063 and parameters: {'n_estimators': 488, 'max_depth': 12, 'learning_rate': 0.2646152488130638, 'subsample': 0.6056930936133317, 'colsample_bytree': 0.7106724260864913, 'gamma': 3.3746185081485476}. Best is trial 11 with value: 0.7114713004224724.
[I 2026-05-21 19:22:14,228] Trial 13 finished with value: 0.7051303386815576 and parameters: {'n_estimators': 500, 'max_depth': 12, 'learning_rate': 0.27134781185380963, 'subsample': 0.6043244132320286, 'colsample_bytree': 0.5112628773744408, 'gamma': 3.3207393533812297}. Best is trial 11 with value: 0.7114713004224724.
[I 2026-05-21 19:23:02,955] Trial 14 finished with value: 0.6391456435315879 and parameters: {'n_estimators': 467, 'max_depth': 6, 'learning_rate': 0.041840225098838946, 'subsample': 0.6623861479858743, 'colsample_bytree': 0.7873804704711649, 'gamma': 3.717056025607789}. Best is trial 11 with value: 0.7114713004224724.
[I 2026-05-21 19:23:56,120] Trial 15 finished with value: 0.695706196688427 and parameters: {'n_estimators': 302, 'max_depth': 11, 'learning_rate': 0.1688448348282395, 'subsample': 0.7575973995633529, 'colsample_bytree': 0.6564755401536451, 'gamma': 1.0538147478555282}. Best is trial 11 with value: 0.7114713004224724.
[I 2026-05-21 19:24:48,124] Trial 16 finished with value: 0.570986780380804 and parameters: {'n_estimators': 450, 'max_depth': 6, 'learning_rate': 0.010176429672110372, 'subsample': 0.666596578840335, 'colsample_bytree': 0.7765191479329024, 'gamma': 2.9536128657710607}. Best is trial 11 with value: 0.7114713004224724.
[I 2026-05-21 19:25:18,613] Trial 17 finished with value: 0.7030841355427858 and parameters: {'n_estimators': 350, 'max_depth': 10, 'learning_rate': 0.2863311416336693, 'subsample': 0.6346116031296138, 'colsample_bytree': 0.6723082425061923, 'gamma': 3.9297424774231295}. Best is trial 11 with value: 0.7114713004224724.
[I 2026-05-21 19:26:27,334] Trial 18 finished with value: 0.6447961618612911 and parameters: {'n_estimators': 431, 'max_depth': 11, 'learning_rate': 0.02527139808342385, 'subsample': 0.7622959628146309, 'colsample_bytree': 0.5942621625214157, 'gamma': 4.982235780306127}. Best is trial 11 with value: 0.7114713004224724.
[I 2026-05-21 19:26:56,073] Trial 19 finished with value: 0.6545946221103205 and parameters: {'n_estimators': 447, 'max_depth': 3, 'learning_rate': 0.11387778236364655, 'subsample': 0.7064164401444157, 'colsample_bytree': 0.8179604104008619, 'gamma': 2.8335483118675837}. Best is trial 11 with value: 0.7114713004224724.
正在读取多分类数据集: dga_sampled_8k.txt...

执行 2-4 gram 特征向量化 (混合 2/3/4 位特征，min_df=5)...
复合特征维度锁定为: 39170

--- 开始多分类 2-4 gram 贝叶斯调参 (类别数: 10) ---

调参完成！最优 Macro-F1: 0.7115

使用最优参数在测试集上进行最终评估...

==================================================
            实验结果: 多分类 2-4 gram 贝叶斯调参版             
==================================================
混合特征总维度:      39170
最优参数组合:        {'n_estimators': 500, 'max_depth': 12, 'learning_rate': 0.2754634511264346, 'subsample': 0.6058576799493964, 'colsample_bytree': 0.707300979934699, 'gamma': 3.458510177974262}
调参总耗时:          857.93 秒
--------------------------------------------------
准确率 (Accuracy):   0.7137
宏平均 F1 (Macro-F1): 0.7022
训练总耗时:          40.70 秒
单条推理平均延时:     0.062003 毫秒
==================================================

各家族详细分类报告 (最终模型):
              precision    recall  f1-score   support

     banjori     1.0000    1.0000    1.0000       800
      emotet     0.3924    0.3875    0.3899       800
    gameover     0.8739    0.8313    0.8520       800
      necurs     0.2743    0.2188    0.2434       800
   pykspa_v1     0.9605    0.8812    0.9192       800
      ramnit     0.2816    0.2200    0.2470       800
      rovnix     0.8641    0.8187    0.8408       800
       simda     0.9258    0.9975    0.9603       800
       tinba     0.6613    0.8250    0.7341       800
       virut     0.7408    0.9575    0.8353       800

    accuracy                         0.7137      8000
   macro avg     0.6975    0.7138    0.7022      8000
weighted avg     0.6975    0.7137    0.7022      8000


  ✅ 完成 (901 秒)

══════════════════════════════════════════════
  第三阶段：融合特征 (Fusion)
══════════════════════════════════════════════

──────────────────────────────────────────
  [13] 融合二分类 | 统计+2-gram   | 默认参数
  脚本: ronghe/erfen_feature+2-gram_comp.py
──────────────────────────────────────────
正在读取纯域名数据集 (目标各取: 200000 条)...
执行 8:1:1 严谨划分 (Train:Val:Test)...
数据就绪: 训练集(319999), 验证集(40000), 测试集(40000)

提取 2-gram 字符特征 (稀疏矩阵)...
提取 6 维统计特征 (稠密矩阵)...
融合完成！总特征维度: 1375
开始 XGBoost 融合模型训练...

=============================================
          实验结果: 二分类特征融合 (统计+2-gram)          
=============================================
最终特征维度:        1375
准确率 (Accuracy):   0.9758
精确率 (Precision):  0.9848
召回率 (Recall):     0.9664
F1 值 (F1-Score):    0.9755
AUC 曲线下面积:      0.9972
---------------------------------------------
训练总耗时:          4.80 秒
单条推理平均延时:     0.001756 毫秒
=============================================

  ✅ 完成 (10 秒)

──────────────────────────────────────────
  [14] 融合二分类 | 统计+2-4gram  | 默认参数
  脚本: ronghe/erfen_feature_2-4gram_comp.py
──────────────────────────────────────────
正在读取纯域名数据集 (目标各取: 200000 条)...
执行 8:1:1 严谨划分 (Train:Val:Test)...
数据就绪: 训练集(319999), 验证集(40000), 测试集(40000)

[Step 1] 提取 2-4 gram 字符特征 (多尺度局部模式)...
[Step 2] 提取 6 维全局统计特征 (宏观结构)...
特征融合完成！总特征维度: 213097
模型训练中 (XGBoost 融合特征组)...
执行性能分析...

=============================================
         实验结果: 二分类特征融合 (统计+2-4gram)          
=============================================
融合特征总维度:      213097
准确率 (Accuracy):   0.9765
精确率 (Precision):  0.9850
召回率 (Recall):     0.9678
F1 值 (F1-Score):    0.9763
AUC 曲线下面积:      0.9976
---------------------------------------------
训练总耗时:          650.76 秒
单条推理平均延时:     0.003482 毫秒
=============================================

  ✅ 完成 (660 秒)

──────────────────────────────────────────
  [15] 融合二分类 | 统计+2-gram   | Optuna (30次)
  脚本: ronghe/erfen_optuna_feature+2_gram_comp.py
──────────────────────────────────────────
[I 2026-05-21 19:38:51,656] A new study created in memory with name: no-name-4b35a655-6ea3-430a-9df4-d7109b68138e
[I 2026-05-21 19:38:56,515] Trial 0 finished with value: 0.9831856625050343 and parameters: {'n_estimators': 410, 'max_depth': 12, 'learning_rate': 0.10021656416469794, 'subsample': 0.680662460380198, 'colsample_bytree': 0.851723362318516, 'gamma': 1.001536864461876}. Best is trial 0 with value: 0.9831856625050343.
[I 2026-05-21 19:38:58,317] Trial 1 finished with value: 0.9702960259529603 and parameters: {'n_estimators': 138, 'max_depth': 10, 'learning_rate': 0.07336559840336163, 'subsample': 0.6123751708060489, 'colsample_bytree': 0.7065097280710113, 'gamma': 2.239241218487103}. Best is trial 0 with value: 0.9831856625050343.
[I 2026-05-21 19:39:00,251] Trial 2 finished with value: 0.967817199665238 and parameters: {'n_estimators': 232, 'max_depth': 7, 'learning_rate': 0.05498759365010262, 'subsample': 0.6593988105304674, 'colsample_bytree': 0.7680320120930285, 'gamma': 1.3895335383588676}. Best is trial 0 with value: 0.9831856625050343.
[I 2026-05-21 19:39:02,356] Trial 3 finished with value: 0.9711331322705731 and parameters: {'n_estimators': 415, 'max_depth': 4, 'learning_rate': 0.09517287583728652, 'subsample': 0.6808562564276175, 'colsample_bytree': 0.7039057007533502, 'gamma': 2.9844876095427546}. Best is trial 0 with value: 0.9831856625050343.
[I 2026-05-21 19:39:04,815] Trial 4 finished with value: 0.983342559508832 and parameters: {'n_estimators': 339, 'max_depth': 7, 'learning_rate': 0.2859878137323298, 'subsample': 0.631510237932085, 'colsample_bytree': 0.8369161374536955, 'gamma': 1.303754008535377}. Best is trial 4 with value: 0.983342559508832.
[I 2026-05-21 19:39:07,654] Trial 5 finished with value: 0.9837402466649887 and parameters: {'n_estimators': 445, 'max_depth': 7, 'learning_rate': 0.24226544867888586, 'subsample': 0.6850665214988433, 'colsample_bytree': 0.600771020680584, 'gamma': 1.1126192949803149}. Best is trial 5 with value: 0.9837402466649887.
[I 2026-05-21 19:39:09,622] Trial 6 finished with value: 0.9674767872545538 and parameters: {'n_estimators': 117, 'max_depth': 9, 'learning_rate': 0.07634297615968931, 'subsample': 0.6257427741937444, 'colsample_bytree': 0.666633193547389, 'gamma': 1.5221899320629881}. Best is trial 5 with value: 0.9837402466649887.
[I 2026-05-21 19:39:11,511] Trial 7 finished with value: 0.9792145472913246 and parameters: {'n_estimators': 344, 'max_depth': 5, 'learning_rate': 0.22003567115662623, 'subsample': 0.7579150132258221, 'colsample_bytree': 0.6746566517549214, 'gamma': 0.8180849660168348}. Best is trial 5 with value: 0.9837402466649887.
[I 2026-05-21 19:39:16,804] Trial 8 finished with value: 0.9850550998842651 and parameters: {'n_estimators': 592, 'max_depth': 11, 'learning_rate': 0.12873264633366446, 'subsample': 0.7511968379343, 'colsample_bytree': 0.6214083628719549, 'gamma': 0.7965169362403437}. Best is trial 8 with value: 0.9850550998842651.
[I 2026-05-21 19:39:19,055] Trial 9 finished with value: 0.956109012963152 and parameters: {'n_estimators': 272, 'max_depth': 6, 'learning_rate': 0.020621160228684193, 'subsample': 0.7350212261828311, 'colsample_bytree': 0.7314705506059582, 'gamma': 0.40376443345554525}. Best is trial 8 with value: 0.9850550998842651.
[I 2026-05-21 19:39:28,303] Trial 10 finished with value: 0.975312697409981 and parameters: {'n_estimators': 587, 'max_depth': 12, 'learning_rate': 0.021893473784883214, 'subsample': 0.8839521107893219, 'colsample_bytree': 0.9362297925403441, 'gamma': 0.1168511340747389}. Best is trial 8 with value: 0.9850550998842651.
[I 2026-05-21 19:39:32,640] Trial 11 finished with value: 0.9842476094614997 and parameters: {'n_estimators': 597, 'max_depth': 9, 'learning_rate': 0.15738471752716188, 'subsample': 0.8459968023828413, 'colsample_bytree': 0.607376038046429, 'gamma': 1.8918045551013614}. Best is trial 8 with value: 0.9850550998842651.
[I 2026-05-21 19:39:36,731] Trial 12 finished with value: 0.983972826770663 and parameters: {'n_estimators': 583, 'max_depth': 10, 'learning_rate': 0.14932452485457892, 'subsample': 0.8716391399506399, 'colsample_bytree': 0.6027028137865875, 'gamma': 2.137200070961956}. Best is trial 8 with value: 0.9850550998842651.
[I 2026-05-21 19:39:41,177] Trial 13 finished with value: 0.97418783971685 and parameters: {'n_estimators': 506, 'max_depth': 9, 'learning_rate': 0.034064009058186503, 'subsample': 0.9902563674311821, 'colsample_bytree': 0.9991043443163921, 'gamma': 1.9216425448724745}. Best is trial 8 with value: 0.9850550998842651.
[I 2026-05-21 19:39:46,349] Trial 14 finished with value: 0.9845588974952219 and parameters: {'n_estimators': 527, 'max_depth': 11, 'learning_rate': 0.15352262092580693, 'subsample': 0.8479854333559832, 'colsample_bytree': 0.640165438427136, 'gamma': 0.5047326543927151}. Best is trial 8 with value: 0.9850550998842651.
[I 2026-05-21 19:39:51,022] Trial 15 finished with value: 0.9848126728689968 and parameters: {'n_estimators': 505, 'max_depth': 11, 'learning_rate': 0.14600151859630178, 'subsample': 0.8047916536247695, 'colsample_bytree': 0.6494298239367478, 'gamma': 0.5737225555516561}. Best is trial 8 with value: 0.9850550998842651.
[I 2026-05-21 19:39:59,584] Trial 16 finished with value: 0.9662304662685809 and parameters: {'n_estimators': 503, 'max_depth': 11, 'learning_rate': 0.010620730576553558, 'subsample': 0.7766517715641389, 'colsample_bytree': 0.7702949907422778, 'gamma': 0.007230610232965562}. Best is trial 8 with value: 0.9850550998842651.
[I 2026-05-21 19:40:01,654] Trial 17 finished with value: 0.9706896551724138 and parameters: {'n_estimators': 467, 'max_depth': 3, 'learning_rate': 0.1225185422015168, 'subsample': 0.8118277668997076, 'colsample_bytree': 0.6497330038711349, 'gamma': 0.6627404920518583}. Best is trial 8 with value: 0.9850550998842651.
[I 2026-05-21 19:40:07,867] Trial 18 finished with value: 0.9794435896789164 and parameters: {'n_estimators': 546, 'max_depth': 11, 'learning_rate': 0.044168749001042895, 'subsample': 0.9325461303478915, 'colsample_bytree': 0.8858840089495185, 'gamma': 0.3435030272493854}. Best is trial 8 with value: 0.9850550998842651.
[I 2026-05-21 19:40:10,865] Trial 19 finished with value: 0.9828836085380588 and parameters: {'n_estimators': 388, 'max_depth': 8, 'learning_rate': 0.17761158132671356, 'subsample': 0.7348313516684278, 'colsample_bytree': 0.7443712902400612, 'gamma': 0.8167453055033232}. Best is trial 8 with value: 0.9850550998842651.
正在读取纯域名数据集 (目标各取: 200000 条)...
执行 8:1:1 严谨划分 (Train:Val:Test)...

提取 N-gram 与统计特征并融合...
融合特征锁定完成！总维度: 1375

--- 开始二分类融合组贝叶斯调参 (Trials=20) ---

最优参数: {'n_estimators': 592, 'max_depth': 11, 'learning_rate': 0.12873264633366446, 'subsample': 0.7511968379343, 'colsample_bytree': 0.6214083628719549, 'gamma': 0.7965169362403437}

==================================================
          实验结果: 二分类特征融合 (统计+2-gram) 贝叶斯版          
==================================================
融合总维度:          1375
调参耗时:            79.21 秒
--------------------------------------------------
准确率 (Accuracy):   0.9834
精确率 (Precision):  0.9888
召回率 (Recall):     0.9779
F1 值 (F1-Score):    0.9833
AUC 曲线下面积:      0.9988
--------------------------------------------------
最终训练耗时:         5.69 秒
单条推理平均延时:     0.004275 毫秒
==================================================

✅ 模型已保存: /home/girlorn/Cloud-Security-Study/Graduation-Project/code/ronghe/../../models/erfen_fusion_model.json
✅ 向量化器已保存: /home/girlorn/Cloud-Security-Study/Graduation-Project/code/ronghe/../../models/erfen_vectorizer.pkl
✅ 评估指标已保存: /home/girlorn/Cloud-Security-Study/Graduation-Project/code/ronghe/../../models/erfen_metrics.json

  ✅ 完成 (90 秒)

──────────────────────────────────────────
  [16] 融合二分类 | 统计+2-4gram  | Optuna (30次)
  脚本: ronghe/erfen_optuna_feature+2-4gram_comp.py
──────────────────────────────────────────
[I 2026-05-21 19:40:25,575] A new study created in memory with name: no-name-470fa11c-1ba5-4bf2-8b81-2bae0ded1dd6
[I 2026-05-21 19:41:05,060] Trial 0 finished with value: 0.9537511798168414 and parameters: {'n_estimators': 434, 'max_depth': 3, 'learning_rate': 0.030347175177059846, 'subsample': 0.824875627255078, 'colsample_bytree': 0.6296726237879692, 'gamma': 1.344092275108126}. Best is trial 0 with value: 0.9537511798168414.
[I 2026-05-21 19:42:02,309] Trial 1 finished with value: 0.9621916134124296 and parameters: {'n_estimators': 161, 'max_depth': 8, 'learning_rate': 0.03599238794892323, 'subsample': 0.9221386718815975, 'colsample_bytree': 0.8659355540432001, 'gamma': 0.5867850706428874}. Best is trial 1 with value: 0.9621916134124296.
[I 2026-05-21 19:44:40,872] Trial 2 finished with value: 0.9717236665569704 and parameters: {'n_estimators': 543, 'max_depth': 8, 'learning_rate': 0.024692198124592748, 'subsample': 0.7373030665870551, 'colsample_bytree': 0.9981431768361051, 'gamma': 0.2263690282705203}. Best is trial 2 with value: 0.9717236665569704.
[I 2026-05-21 19:46:50,745] Trial 3 finished with value: 0.9713895077982581 and parameters: {'n_estimators': 462, 'max_depth': 8, 'learning_rate': 0.028410662552734983, 'subsample': 0.6211369852340554, 'colsample_bytree': 0.9257903541631352, 'gamma': 0.28484946114857745}. Best is trial 2 with value: 0.9717236665569704.
[I 2026-05-21 19:48:22,148] Trial 4 finished with value: 0.956306340815649 and parameters: {'n_estimators': 362, 'max_depth': 7, 'learning_rate': 0.012204220560168155, 'subsample': 0.8663555089709931, 'colsample_bytree': 0.7551541090994086, 'gamma': 1.562803855232454}. Best is trial 2 with value: 0.9717236665569704.
[I 2026-05-21 19:51:10,337] Trial 5 finished with value: 0.9837402466649887 and parameters: {'n_estimators': 595, 'max_depth': 11, 'learning_rate': 0.08283374701257214, 'subsample': 0.700942782701263, 'colsample_bytree': 0.82696635166543, 'gamma': 2.0249724101098256}. Best is trial 5 with value: 0.9837402466649887.
[I 2026-05-21 19:52:27,064] Trial 6 finished with value: 0.9844155190211233 and parameters: {'n_estimators': 263, 'max_depth': 11, 'learning_rate': 0.22079812102576535, 'subsample': 0.822585863056018, 'colsample_bytree': 0.6153246929609908, 'gamma': 1.358877331527955}. Best is trial 6 with value: 0.9844155190211233.
[I 2026-05-21 19:56:37,699] Trial 7 finished with value: 0.9675191101404373 and parameters: {'n_estimators': 512, 'max_depth': 11, 'learning_rate': 0.011347581544996512, 'subsample': 0.8946132282952826, 'colsample_bytree': 0.8693059143262096, 'gamma': 2.942259916772728}. Best is trial 6 with value: 0.9844155190211233.
[I 2026-05-21 19:58:16,690] Trial 8 finished with value: 0.958551205203418 and parameters: {'n_estimators': 522, 'max_depth': 6, 'learning_rate': 0.012852610730725971, 'subsample': 0.7745127797927919, 'colsample_bytree': 0.6773363638088117, 'gamma': 0.8054162567357891}. Best is trial 6 with value: 0.9844155190211233.
[I 2026-05-21 19:59:13,867] Trial 9 finished with value: 0.983269177547991 and parameters: {'n_estimators': 168, 'max_depth': 11, 'learning_rate': 0.24828217996450178, 'subsample': 0.8613687473028939, 'colsample_bytree': 0.8654401332622819, 'gamma': 0.8234932343252578}. Best is trial 6 with value: 0.9844155190211233.
[I 2026-05-21 20:00:28,534] Trial 10 finished with value: 0.9849387744839204 and parameters: {'n_estimators': 262, 'max_depth': 12, 'learning_rate': 0.2969753196529431, 'subsample': 0.994426216511973, 'colsample_bytree': 0.7280649848090825, 'gamma': 2.166318651704053}. Best is trial 10 with value: 0.9849387744839204.
[I 2026-05-21 20:01:43,008] Trial 11 finished with value: 0.9846950315397954 and parameters: {'n_estimators': 261, 'max_depth': 12, 'learning_rate': 0.2860360503031212, 'subsample': 0.9957182691325432, 'colsample_bytree': 0.725606471452323, 'gamma': 2.2895925185928467}. Best is trial 10 with value: 0.9849387744839204.
[I 2026-05-21 20:03:14,724] Trial 12 finished with value: 0.9827247544699068 and parameters: {'n_estimators': 275, 'max_depth': 12, 'learning_rate': 0.1344489340047763, 'subsample': 0.9955426195985266, 'colsample_bytree': 0.7349624693698783, 'gamma': 2.497020184254954}. Best is trial 10 with value: 0.9849387744839204.
[I 2026-05-21 20:04:19,264] Trial 13 finished with value: 0.9848652453740949 and parameters: {'n_estimators': 270, 'max_depth': 10, 'learning_rate': 0.2973319886208889, 'subsample': 0.971427528517193, 'colsample_bytree': 0.7163580392497693, 'gamma': 2.197268418863138}. Best is trial 10 with value: 0.9849387744839204.
[I 2026-05-21 20:05:51,436] Trial 14 finished with value: 0.9841653450142235 and parameters: {'n_estimators': 354, 'max_depth': 10, 'learning_rate': 0.15760777386073774, 'subsample': 0.9431673852925826, 'colsample_bytree': 0.6883649662551583, 'gamma': 1.9062890126296352}. Best is trial 10 with value: 0.9849387744839204.
[I 2026-05-21 20:06:28,554] Trial 15 finished with value: 0.9698920371027422 and parameters: {'n_estimators': 115, 'max_depth': 9, 'learning_rate': 0.08310784289735486, 'subsample': 0.9526508087047407, 'colsample_bytree': 0.7837667520670674, 'gamma': 2.9884893335395777}. Best is trial 10 with value: 0.9849387744839204.
[I 2026-05-21 20:06:56,755] Trial 16 finished with value: 0.9709957696886795 and parameters: {'n_estimators': 202, 'max_depth': 5, 'learning_rate': 0.12931482419953697, 'subsample': 0.9959752818225843, 'colsample_bytree': 0.6821701711063791, 'gamma': 2.5371515678583907}. Best is trial 10 with value: 0.9849387744839204.
[I 2026-05-21 20:08:32,967] Trial 17 finished with value: 0.9785708877053939 and parameters: {'n_estimators': 305, 'max_depth': 10, 'learning_rate': 0.07042112040687092, 'subsample': 0.9454980656624069, 'colsample_bytree': 0.8019678498105849, 'gamma': 1.8347347682051667}. Best is trial 10 with value: 0.9849387744839204.
[I 2026-05-21 20:10:03,400] Trial 18 finished with value: 0.9837369719550879 and parameters: {'n_estimators': 413, 'max_depth': 9, 'learning_rate': 0.16312698138233753, 'subsample': 0.9024514187474001, 'colsample_bytree': 0.6559052149158705, 'gamma': 2.282011171485475}. Best is trial 10 with value: 0.9849387744839204.
[I 2026-05-21 20:11:42,015] Trial 19 finished with value: 0.9742007284500203 and parameters: {'n_estimators': 213, 'max_depth': 12, 'learning_rate': 0.048753713762385666, 'subsample': 0.6097146596150598, 'colsample_bytree': 0.717726798734818, 'gamma': 1.6331918745523228}. Best is trial 10 with value: 0.9849387744839204.
正在读取纯域名数据集 (目标各取: 200000 条)...
执行 8:1:1 严谨划分 (Train:Val:Test)...

提取 2-4 gram 与统计特征并融合...
融合特征锁定完成！总维度: 213097

--- 开始二分类融合组 (2-4 gram) 贝叶斯调参 (Trials=20) ---

最优参数: {'n_estimators': 262, 'max_depth': 12, 'learning_rate': 0.2969753196529431, 'subsample': 0.994426216511973, 'colsample_bytree': 0.7280649848090825, 'gamma': 2.166318651704053}

==================================================
         实验结果: 二分类特征融合 (统计+2-4gram) 贝叶斯版          
==================================================
融合总维度:          213097
调参耗时:            1876.44 秒
--------------------------------------------------
准确率 (Accuracy):   0.9843
精确率 (Precision):  0.9883
召回率 (Recall):     0.9803
F1 值 (F1-Score):    0.9843
AUC 曲线下面积:      0.9989
--------------------------------------------------
最终训练耗时:         76.37 秒
单条推理平均延时:     0.003708 毫秒
==================================================

  ✅ 完成 (1961 秒)

──────────────────────────────────────────
  [17] 融合多分类 | 统计+2-gram   | 默认参数
  脚本: ronghe/duofen_feature+2_gram_comp.py
──────────────────────────────────────────
Traceback (most recent call last):
  File "/home/girlorn/Cloud-Security-Study/Graduation-Project/code/ronghe/duofen_feature+2_gram_comp.py", line 4, in <module>
    from collections import Counterl
ImportError: cannot import name 'Counterl' from 'collections' (/usr/lib/python3.10/collections/__init__.py)

  ✅ 完成 (1 秒)

──────────────────────────────────────────
  [18] 融合多分类 | 统计+2-4gram  | 默认参数
  脚本: ronghe/duofen_feature+2-4gram_comp.py
──────────────────────────────────────────
正在读取多分类数据集: ../duofen/dga_sampled_8k.txt...

提取 2-4 gram 特征 (稀疏矩阵)...
提取 6 维统计特征 (稠密矩阵)...
融合完成！最终特征维度: 39176 (N-gram + 6 统计特征)
开始 XGBoost 融合模型训练...

==================================================
           实验结果: 多分类特征融合组 (统计+2-4gram)            
==================================================
融合后总维度:        39176
准确率 (Accuracy):   0.8866
宏平均 F1 (Macro-F1): 0.8763
--------------------------------------------------
训练总耗时:          33.38 秒
单条推理平均延时:     0.002816 毫秒
==================================================

各家族详细分类报告:
              precision    recall  f1-score   support

     banjori     1.0000    1.0000    1.0000       800
      emotet     0.8696    1.0000    0.9302       800
    gameover     1.0000    0.9888    0.9943       800
      necurs     0.6573    0.2925    0.4048       800
   pykspa_v1     0.9851    0.9075    0.9447       800
      ramnit     0.5474    0.7000    0.6144       800
      rovnix     1.0000    0.9925    0.9962       800
       simda     0.9569    0.9988    0.9774       800
       tinba     0.9078    0.9975    0.9506       800
       virut     0.9145    0.9888    0.9502       800

    accuracy                         0.8866      8000
   macro avg     0.8839    0.8866    0.8763      8000
weighted avg     0.8839    0.8866    0.8763      8000


  ✅ 完成 (36 秒)

──────────────────────────────────────────
  [19] 融合多分类 | 统计+2-gram   | Optuna (30次)
  脚本: ronghe/duofen_optuna_feature+2_gram_comp.py
──────────────────────────────────────────
[I 2026-05-21 20:13:36,581] A new study created in memory with name: no-name-dc2bd386-f901-42b1-be2f-c3a3f4c5cd62
[I 2026-05-21 20:13:41,644] Trial 0 finished with value: 0.8500442950856796 and parameters: {'n_estimators': 357, 'max_depth': 3, 'learning_rate': 0.022221208955971652, 'subsample': 0.8319755749363039, 'colsample_bytree': 0.6094283560593187, 'gamma': 2.3903705641231334}. Best is trial 0 with value: 0.8500442950856796.
[I 2026-05-21 20:13:46,494] Trial 1 finished with value: 0.8740209128379599 and parameters: {'n_estimators': 164, 'max_depth': 11, 'learning_rate': 0.07147035558954969, 'subsample': 0.6610324690154924, 'colsample_bytree': 0.6236428155603589, 'gamma': 1.3815389660668282}. Best is trial 1 with value: 0.8740209128379599.
[I 2026-05-21 20:13:55,591] Trial 2 finished with value: 0.8764280895322643 and parameters: {'n_estimators': 589, 'max_depth': 8, 'learning_rate': 0.13277365620705384, 'subsample': 0.8324630263431425, 'colsample_bytree': 0.9499940207002318, 'gamma': 0.8604393727263138}. Best is trial 2 with value: 0.8764280895322643.
[I 2026-05-21 20:13:57,836] Trial 3 finished with value: 0.8494584127528284 and parameters: {'n_estimators': 105, 'max_depth': 7, 'learning_rate': 0.01684254351304517, 'subsample': 0.8733417821331244, 'colsample_bytree': 0.7441045939308307, 'gamma': 1.2768220752321728}. Best is trial 2 with value: 0.8764280895322643.
[I 2026-05-21 20:14:02,368] Trial 4 finished with value: 0.8561601145159423 and parameters: {'n_estimators': 164, 'max_depth': 10, 'learning_rate': 0.012091623075754983, 'subsample': 0.6814074864636512, 'colsample_bytree': 0.8249356916419679, 'gamma': 0.9725935562588568}. Best is trial 2 with value: 0.8764280895322643.
[I 2026-05-21 20:14:09,293] Trial 5 finished with value: 0.8735674114669806 and parameters: {'n_estimators': 575, 'max_depth': 3, 'learning_rate': 0.07090057011600542, 'subsample': 0.9706107703702685, 'colsample_bytree': 0.9271158636898678, 'gamma': 0.21748288355981749}. Best is trial 2 with value: 0.8764280895322643.
[I 2026-05-21 20:14:15,672] Trial 6 finished with value: 0.8512842705918058 and parameters: {'n_estimators': 404, 'max_depth': 4, 'learning_rate': 0.014551538682738833, 'subsample': 0.9378955072210501, 'colsample_bytree': 0.7066862928081876, 'gamma': 1.5249145907209845}. Best is trial 2 with value: 0.8764280895322643.
[I 2026-05-21 20:14:24,501] Trial 7 finished with value: 0.8757475970907647 and parameters: {'n_estimators': 537, 'max_depth': 9, 'learning_rate': 0.045874409955572515, 'subsample': 0.8124741829597696, 'colsample_bytree': 0.6968611558546638, 'gamma': 2.4064474613101945}. Best is trial 2 with value: 0.8764280895322643.
[I 2026-05-21 20:14:37,682] Trial 8 finished with value: 0.8699662660566082 and parameters: {'n_estimators': 578, 'max_depth': 9, 'learning_rate': 0.01451315041249808, 'subsample': 0.6717264637156916, 'colsample_bytree': 0.7700882970169978, 'gamma': 1.811189683468823}. Best is trial 2 with value: 0.8764280895322643.
[I 2026-05-21 20:14:41,392] Trial 9 finished with value: 0.8447512992642009 and parameters: {'n_estimators': 227, 'max_depth': 5, 'learning_rate': 0.011535032649218714, 'subsample': 0.9444642491945359, 'colsample_bytree': 0.8394474558631474, 'gamma': 0.5802317567365615}. Best is trial 2 with value: 0.8764280895322643.
[I 2026-05-21 20:14:51,394] Trial 10 finished with value: 0.8814428998850277 and parameters: {'n_estimators': 457, 'max_depth': 7, 'learning_rate': 0.28402600169243764, 'subsample': 0.7443530213307972, 'colsample_bytree': 0.9833283015823258, 'gamma': 0.01026202391204567}. Best is trial 10 with value: 0.8814428998850277.
[I 2026-05-21 20:15:01,719] Trial 11 finished with value: 0.8806726191154594 and parameters: {'n_estimators': 480, 'max_depth': 7, 'learning_rate': 0.288853802890246, 'subsample': 0.7513575482936261, 'colsample_bytree': 0.9856010876040736, 'gamma': 0.0013494126230937722}. Best is trial 10 with value: 0.8814428998850277.
[I 2026-05-21 20:15:09,828] Trial 12 finished with value: 0.8786712461534816 and parameters: {'n_estimators': 456, 'max_depth': 6, 'learning_rate': 0.2905847835076675, 'subsample': 0.7349240931254947, 'colsample_bytree': 0.9917150297405533, 'gamma': 0.07873689378100113}. Best is trial 10 with value: 0.8814428998850277.
[I 2026-05-21 20:15:17,555] Trial 13 finished with value: 0.8809616326898068 and parameters: {'n_estimators': 469, 'max_depth': 7, 'learning_rate': 0.2930281282401029, 'subsample': 0.7379664131378706, 'colsample_bytree': 0.8918001286363304, 'gamma': 0.44171819097895965}. Best is trial 10 with value: 0.8814428998850277.
[I 2026-05-21 20:15:25,983] Trial 14 finished with value: 0.8793531900734177 and parameters: {'n_estimators': 292, 'max_depth': 12, 'learning_rate': 0.16239212328039718, 'subsample': 0.60785486431453, 'colsample_bytree': 0.8893887036367908, 'gamma': 0.4865276675455972}. Best is trial 10 with value: 0.8814428998850277.
[I 2026-05-21 20:15:34,420] Trial 15 finished with value: 0.880379315376523 and parameters: {'n_estimators': 463, 'max_depth': 6, 'learning_rate': 0.16434130903165395, 'subsample': 0.7460057108335546, 'colsample_bytree': 0.8816445852915383, 'gamma': 0.5257207613549624}. Best is trial 10 with value: 0.8814428998850277.
[I 2026-05-21 20:15:39,905] Trial 16 finished with value: 0.8776911872952452 and parameters: {'n_estimators': 382, 'max_depth': 8, 'learning_rate': 0.10937677729660862, 'subsample': 0.7805834700984493, 'colsample_bytree': 0.915414282438926, 'gamma': 2.91068543080216}. Best is trial 10 with value: 0.8814428998850277.
[I 2026-05-21 20:15:44,923] Trial 17 finished with value: 0.8767094055456 and parameters: {'n_estimators': 299, 'max_depth': 5, 'learning_rate': 0.19599502350943937, 'subsample': 0.7114097749060194, 'colsample_bytree': 0.8618984170742361, 'gamma': 0.8280271463562067}. Best is trial 10 with value: 0.8814428998850277.
[I 2026-05-21 20:15:59,586] Trial 18 finished with value: 0.871592879202163 and parameters: {'n_estimators': 510, 'max_depth': 6, 'learning_rate': 0.035499220736977005, 'subsample': 0.8834778784363487, 'colsample_bytree': 0.9579730129643599, 'gamma': 0.3679483707666483}. Best is trial 10 with value: 0.8814428998850277.
[I 2026-05-21 20:16:08,948] Trial 19 finished with value: 0.8793939779733491 and parameters: {'n_estimators': 422, 'max_depth': 9, 'learning_rate': 0.08859306816081106, 'subsample': 0.6286523340493432, 'colsample_bytree': 0.7988153924730166, 'gamma': 1.0285504761664852}. Best is trial 10 with value: 0.8814428998850277.
[I 2026-05-21 20:16:12,648] Trial 20 finished with value: 0.8775717663266495 and parameters: {'n_estimators': 286, 'max_depth': 7, 'learning_rate': 0.22684761290924144, 'subsample': 0.7749936534500403, 'colsample_bytree': 0.9143983053075486, 'gamma': 1.830686846890167}. Best is trial 10 with value: 0.8814428998850277.
[I 2026-05-21 20:16:22,740] Trial 21 finished with value: 0.8791928922119796 and parameters: {'n_estimators': 498, 'max_depth': 7, 'learning_rate': 0.299014408048544, 'subsample': 0.7251146378763019, 'colsample_bytree': 0.9834922910205929, 'gamma': 0.04417603552913385}. Best is trial 10 with value: 0.8814428998850277.
[I 2026-05-21 20:16:32,978] Trial 22 finished with value: 0.8788494624668488 and parameters: {'n_estimators': 452, 'max_depth': 8, 'learning_rate': 0.2325635431022879, 'subsample': 0.7657318643753134, 'colsample_bytree': 0.9637897553253882, 'gamma': 0.03921579417874309}. Best is trial 10 with value: 0.8814428998850277.
[I 2026-05-21 20:16:41,161] Trial 23 finished with value: 0.8835395878825414 and parameters: {'n_estimators': 522, 'max_depth': 5, 'learning_rate': 0.29502603157744867, 'subsample': 0.6986915314229365, 'colsample_bytree': 0.9916629090523355, 'gamma': 0.32880145894236334}. Best is trial 23 with value: 0.8835395878825414.
[I 2026-05-21 20:16:50,062] Trial 24 finished with value: 0.8799799674423208 and parameters: {'n_estimators': 523, 'max_depth': 5, 'learning_rate': 0.1278775888539057, 'subsample': 0.6990280473198222, 'colsample_bytree': 0.9988006802153672, 'gamma': 0.644048720875065}. Best is trial 23 with value: 0.8835395878825414.
[I 2026-05-21 20:16:56,982] Trial 25 finished with value: 0.8782518910054471 and parameters: {'n_estimators': 425, 'max_depth': 4, 'learning_rate': 0.19200097483448716, 'subsample': 0.6498018838121786, 'colsample_bytree': 0.927150950939523, 'gamma': 0.3355894622336699}. Best is trial 23 with value: 0.8835395878825414.
[I 2026-05-21 20:17:05,811] Trial 26 finished with value: 0.8816145081130562 and parameters: {'n_estimators': 545, 'max_depth': 6, 'learning_rate': 0.23074757304709842, 'subsample': 0.701181951236412, 'colsample_bytree': 0.9487158716235373, 'gamma': 0.7290915114956495}. Best is trial 23 with value: 0.8835395878825414.
[I 2026-05-21 20:17:13,066] Trial 27 finished with value: 0.8781269092554872 and parameters: {'n_estimators': 547, 'max_depth': 4, 'learning_rate': 0.21267567314512992, 'subsample': 0.6864433544407361, 'colsample_bytree': 0.9490824548927121, 'gamma': 1.1529913816989779}. Best is trial 23 with value: 0.8835395878825414.
[I 2026-05-21 20:17:22,793] Trial 28 finished with value: 0.8819745448293415 and parameters: {'n_estimators': 554, 'max_depth': 6, 'learning_rate': 0.15818290634860951, 'subsample': 0.6006761563213179, 'colsample_bytree': 0.966487295879279, 'gamma': 0.7397659375070392}. Best is trial 23 with value: 0.8835395878825414.
[I 2026-05-21 20:17:27,861] Trial 29 finished with value: 0.8534686743692491 and parameters: {'n_estimators': 342, 'max_depth': 3, 'learning_rate': 0.02500839157571067, 'subsample': 0.6139056865731309, 'colsample_bytree': 0.9471431507772305, 'gamma': 0.6874074954199627}. Best is trial 23 with value: 0.8835395878825414.
正在读取多分类数据集: dga_sampled_8k.txt...

提取 2-gram 字符特征...
提取 6 维统计特征...
执行特征空间融合 (Fusion)...
特征维度锁定: 1302

--- 开始多分类融合组 (2-gram) 贝叶斯寻优 ---

最优参数组合: {'n_estimators': 522, 'max_depth': 5, 'learning_rate': 0.29502603157744867, 'subsample': 0.6986915314229365, 'colsample_bytree': 0.9916629090523355, 'gamma': 0.32880145894236334}

=======================================================
             实验结果: 多分类融合组 (统计+2-gram) 贝叶斯版             
=======================================================
融合特征总维度:      1302
调参总耗时:          231.28 秒
-------------------------------------------------------
准确率 (Accuracy):   0.8880
宏平均 F1 (Macro-F1): 0.8834
最终训练耗时:         8.65 秒
单条推理平均延时:     0.007964 毫秒
=======================================================

各家族详细分类报告 (调参后最终模型):
              precision    recall  f1-score   support

     banjori     1.0000    1.0000    1.0000       800
      emotet     0.8691    0.9962    0.9284       800
    gameover     0.9987    0.9888    0.9937       800
      necurs     0.5773    0.4575    0.5105       800
   pykspa_v1     0.9668    0.9450    0.9558       800
      ramnit     0.5485    0.5437    0.5461       800
      rovnix     0.9987    0.9925    0.9956       800
       simda     0.9852    1.0000    0.9926       800
       tinba     0.9216    0.9850    0.9523       800
       virut     0.9476    0.9712    0.9593       800

    accuracy                         0.8880      8000
   macro avg     0.8814    0.8880    0.8834      8000
weighted avg     0.8814    0.8880    0.8834      8000


✅ 模型已保存: /home/girlorn/Cloud-Security-Study/Graduation-Project/code/ronghe/../../models/duofen_fusion_model.json
✅ 向量化器已保存: /home/girlorn/Cloud-Security-Study/Graduation-Project/code/ronghe/../../models/duofen_vectorizer.pkl
✅ 标签编码器已保存: /home/girlorn/Cloud-Security-Study/Graduation-Project/code/ronghe/../../models/duofen_label_encoder.pkl
✅ 评估指标已保存: /home/girlorn/Cloud-Security-Study/Graduation-Project/code/ronghe/../../models/duofen_metrics.json

  ✅ 完成 (241 秒)

──────────────────────────────────────────
  [20] 融合多分类 | 统计+2-4gram  | Optuna (30次)
  脚本: ronghe/duofen_optuna_feature+2-4gram_comp.py
──────────────────────────────────────────
[I 2026-05-21 20:17:39,165] A new study created in memory with name: no-name-b85a2815-e24f-47be-b432-46edad452af5
[I 2026-05-21 20:18:48,512] Trial 0 finished with value: 0.8746439537509355 and parameters: {'n_estimators': 567, 'max_depth': 10, 'learning_rate': 0.034946583049457754, 'subsample': 0.844909806366009, 'colsample_bytree': 0.8325073935116025, 'gamma': 1.7770277789193751}. Best is trial 0 with value: 0.8746439537509355.
[I 2026-05-21 20:19:48,764] Trial 1 finished with value: 0.8727875385526506 and parameters: {'n_estimators': 575, 'max_depth': 9, 'learning_rate': 0.025524891389540182, 'subsample': 0.7598575465093773, 'colsample_bytree': 0.5663027269471057, 'gamma': 2.986301237140684}. Best is trial 0 with value: 0.8746439537509355.
[I 2026-05-21 20:20:42,869] Trial 2 finished with value: 0.8734403549325849 and parameters: {'n_estimators': 347, 'max_depth': 12, 'learning_rate': 0.03369512432429106, 'subsample': 0.6284145918006, 'colsample_bytree': 0.7185505613706148, 'gamma': 1.6451695113921128}. Best is trial 0 with value: 0.8746439537509355.
[I 2026-05-21 20:21:18,784] Trial 3 finished with value: 0.8608780042535453 and parameters: {'n_estimators': 153, 'max_depth': 15, 'learning_rate': 0.012578187282574598, 'subsample': 0.7084071195733395, 'colsample_bytree': 0.570836964730328, 'gamma': 2.986351022152585}. Best is trial 0 with value: 0.8746439537509355.
[I 2026-05-21 20:21:46,455] Trial 4 finished with value: 0.874962558698629 and parameters: {'n_estimators': 439, 'max_depth': 10, 'learning_rate': 0.09268202130820906, 'subsample': 0.9249277956765249, 'colsample_bytree': 0.8414310445106757, 'gamma': 3.309441149569376}. Best is trial 4 with value: 0.874962558698629.
[I 2026-05-21 20:22:32,360] Trial 5 finished with value: 0.865123780680362 and parameters: {'n_estimators': 263, 'max_depth': 9, 'learning_rate': 0.0246051350354567, 'subsample': 0.7228706813622752, 'colsample_bytree': 0.6044606401746333, 'gamma': 0.6816906862003375}. Best is trial 4 with value: 0.874962558698629.
[I 2026-05-21 20:23:13,112] Trial 6 finished with value: 0.8640004460688993 and parameters: {'n_estimators': 162, 'max_depth': 13, 'learning_rate': 0.018334407549474508, 'subsample': 0.7060070239085102, 'colsample_bytree': 0.620980391080522, 'gamma': 2.474461409663595}. Best is trial 4 with value: 0.874962558698629.
[I 2026-05-21 20:24:30,308] Trial 7 finished with value: 0.869499683914688 and parameters: {'n_estimators': 575, 'max_depth': 7, 'learning_rate': 0.02585916933554976, 'subsample': 0.7129318250506633, 'colsample_bytree': 0.8881493928914006, 'gamma': 1.412232718290326}. Best is trial 4 with value: 0.874962558698629.
[I 2026-05-21 20:24:53,154] Trial 8 finished with value: 0.8615747131759083 and parameters: {'n_estimators': 297, 'max_depth': 4, 'learning_rate': 0.05668554165973719, 'subsample': 0.9460594285383339, 'colsample_bytree': 0.687748881791463, 'gamma': 3.7273085941473556}. Best is trial 4 with value: 0.874962558698629.
[I 2026-05-21 20:25:07,794] Trial 9 finished with value: 0.8704153963987874 and parameters: {'n_estimators': 267, 'max_depth': 14, 'learning_rate': 0.18934941839123323, 'subsample': 0.7047469429289748, 'colsample_bytree': 0.6631010250393428, 'gamma': 4.742122103940288}. Best is trial 4 with value: 0.874962558698629.
[I 2026-05-21 20:25:36,849] Trial 10 finished with value: 0.8681055850023227 and parameters: {'n_estimators': 460, 'max_depth': 3, 'learning_rate': 0.12476110971551267, 'subsample': 0.9884857206272178, 'colsample_bytree': 0.9816845828419879, 'gamma': 4.676586044468888}. Best is trial 4 with value: 0.874962558698629.
[I 2026-05-21 20:26:33,062] Trial 11 finished with value: 0.8785788577946473 and parameters: {'n_estimators': 464, 'max_depth': 10, 'learning_rate': 0.07148584169460932, 'subsample': 0.8670650835835203, 'colsample_bytree': 0.8148860939717986, 'gamma': 1.8696605303772473}. Best is trial 11 with value: 0.8785788577946473.
[I 2026-05-21 20:27:43,972] Trial 12 finished with value: 0.880042191248903 and parameters: {'n_estimators': 449, 'max_depth': 11, 'learning_rate': 0.07296152041384864, 'subsample': 0.8779890254585758, 'colsample_bytree': 0.8123122716957586, 'gamma': 0.32694680153307276}. Best is trial 12 with value: 0.880042191248903.
[I 2026-05-21 20:28:36,310] Trial 13 finished with value: 0.8767729694266084 and parameters: {'n_estimators': 453, 'max_depth': 7, 'learning_rate': 0.06467710980826354, 'subsample': 0.8497804731686709, 'colsample_bytree': 0.7807538502203027, 'gamma': 0.17255113846128323}. Best is trial 12 with value: 0.880042191248903.
[I 2026-05-21 20:29:17,974] Trial 14 finished with value: 0.8815273871305852 and parameters: {'n_estimators': 403, 'max_depth': 12, 'learning_rate': 0.19050646103399244, 'subsample': 0.8684072293214766, 'colsample_bytree': 0.9268315072637132, 'gamma': 0.7361100070862641}. Best is trial 14 with value: 0.8815273871305852.
[I 2026-05-21 20:29:53,555] Trial 15 finished with value: 0.881382055573714 and parameters: {'n_estimators': 386, 'max_depth': 12, 'learning_rate': 0.25777239468008284, 'subsample': 0.9042881043637792, 'colsample_bytree': 0.9425469649476569, 'gamma': 0.6995456566008755}. Best is trial 14 with value: 0.8815273871305852.
[I 2026-05-21 20:30:29,206] Trial 16 finished with value: 0.8801947307774833 and parameters: {'n_estimators': 388, 'max_depth': 13, 'learning_rate': 0.2859911072473926, 'subsample': 0.8003870289277788, 'colsample_bytree': 0.9986087756701869, 'gamma': 0.8773201283484489}. Best is trial 14 with value: 0.8815273871305852.
[I 2026-05-21 20:30:55,580] Trial 17 finished with value: 0.8794792970504464 and parameters: {'n_estimators': 377, 'max_depth': 7, 'learning_rate': 0.28483969506058987, 'subsample': 0.9128918283083565, 'colsample_bytree': 0.9113965557478215, 'gamma': 1.0264647620322058}. Best is trial 14 with value: 0.8815273871305852.
[I 2026-05-21 20:31:27,880] Trial 18 finished with value: 0.8780484986779641 and parameters: {'n_estimators': 520, 'max_depth': 15, 'learning_rate': 0.15875404383990585, 'subsample': 0.9959496280604763, 'colsample_bytree': 0.5015138180714265, 'gamma': 1.2124845919819172}. Best is trial 14 with value: 0.8815273871305852.
[I 2026-05-21 20:31:49,646] Trial 19 finished with value: 0.8775604651533533 and parameters: {'n_estimators': 311, 'max_depth': 12, 'learning_rate': 0.19607689482636895, 'subsample': 0.7909361221840492, 'colsample_bytree': 0.9283767418105067, 'gamma': 2.281643466703252}. Best is trial 14 with value: 0.8815273871305852.
正在读取多分类数据集: dga_sampled_8k.txt...

执行 2-4 gram 特征提取...
执行 6 维统计特征提取...
执行特征水平融合 (hstack)...
融合特征锁定完成！总维度: 39176

--- 开始融合特征组贝叶斯调参 (Trials=20) ---

调参完成！最优 Macro-F1: 0.8815

=======================================================
            实验结果: 多分类特征融合 (统计+2-4gram) 贝叶斯版            
=======================================================
融合后总维度:        39176
最优参数组合:        {'n_estimators': 403, 'max_depth': 12, 'learning_rate': 0.19050646103399244, 'subsample': 0.8684072293214766, 'colsample_bytree': 0.9268315072637132, 'gamma': 0.7361100070862641}
调参总耗时:          850.48 秒
-------------------------------------------------------
准确率 (Accuracy):   0.8872
宏平均 F1 (Macro-F1): 0.8819
最终训练耗时:         42.70 秒
单条推理平均延时:     0.008747 毫秒
=======================================================

终极模型各家族分类报告:
              precision    recall  f1-score   support

     banjori     1.0000    1.0000    1.0000       800
      emotet     0.8686    0.9912    0.9259       800
    gameover     1.0000    0.9888    0.9943       800
      necurs     0.5822    0.4163    0.4854       800
   pykspa_v1     0.9828    0.9287    0.9550       800
      ramnit     0.5437    0.5750    0.5589       800
      rovnix     1.0000    0.9925    0.9962       800
       simda     0.9768    1.0000    0.9883       800
       tinba     0.9213    0.9950    0.9567       800
       virut     0.9325    0.9850    0.9581       800

    accuracy                         0.8872      8000
   macro avg     0.8808    0.8873    0.8819      8000
weighted avg     0.8808    0.8872    0.8819      8000


  ✅ 完成 (896 秒)

==========================================
  全部实验结束
  完成时间: Thu May 21 20:32:32 CST 2026
  总耗时: 139 分 1 秒
  总实验数: 20 | 通过: 20 | 失败: 0
  日志文件: /home/girlorn/Cloud-Security-Study/Graduation-Project/experiments.log
==========================================
